Name,StartDate,EndDate,FIRs,Month,Year
AREY SUB PS,01122025,31122025,22.0,December,2025
AGRIPADA,01122025,31122025,47.0,December,2025
AIR PORT,01122025,31122025,14.0,December,2025
ANDHERI,01122025,31122025,64.0,December,2025
AZAD MAIDAN,01122025,31122025,28.0,December,2025
BANDRA,01122025,31122025,146.0,December,2025
BHANDUP,01122025,31122025,92.0,December,2025
BHOIWADA,01122025,31122025,28.0,December,2025
BORIWALI,01122025,31122025,139.0,December,2025
BYCULLA,01122025,31122025,62.0,December,2025
CHEMBUR,01122025,31122025,61.0,December,2025
COLABA,01122025,31122025,48.0,December,2025
DADAR,01122025,31122025,64.0,December,2025
DHARAVI,01122025,31122025,112.0,December,2025
DONGRI,01122025,31122025,68.0,December,2025
GAMDEVI,01122025,31122025,100.0,December,2025
GHATKOPAR,01122025,31122025,177.0,December,2025
GOREGAON,01122025,31122025,52.0,December,2025
JOGESHWARI,01122025,31122025,36.0,December,2025
KALACHOWKI,01122025,31122025,34.0,December,2025
KANDIVALI (WEST),01122025,31122025,54.0,December,2025
KHERWADI,01122025,31122025,59.0,December,2025
KURLA,01122025,31122025,39.0,December,2025
D.B.MARG,01122025,31122025,137.0,December,2025
LT MARG,01122025,31122025,129.0,December,2025
MAHIM,01122025,31122025,79.0,December,2025
MALAD,01122025,31122025,65.0,December,2025
MATUNGA,01122025,31122025,15.0,December,2025
MULUND (WEST),01122025,31122025,116.0,December,2025
NAGPADA,01122025,31122025,46.0,December,2025
NM JOSHI MARG,01122025,31122025,26.0,December,2025
M R A MARG,01122025,31122025,49.0,December,2025
PYDHONIE,01122025,31122025,183.0,December,2025
SANTACRUZ,01122025,31122025,100.0,December,2025
SEWRI,01122025,31122025,62.0,December,2025
TILAK NAGAR,01122025,31122025,57.0,December,2025
VIKHROLI,01122025,31122025,62.0,December,2025
VILE PARLE,01122025,31122025,133.0,December,2025
V.P.ROAD,01122025,31122025,123.0,December,2025
WADALA,01122025,31122025,33.0,December,2025
WORLI,01122025,31122025,46.0,December,2025
YELLOWGATE,01122025,31122025,5.0,December,2025
VAKOLA,01122025,31122025,96.0,December,2025
TROMBAY,01122025,31122025,68.0,December,2025
MALVANI,01122025,31122025,98.0,December,2025
SAKINAKA,01122025,31122025,109.0,December,2025
DAHISAR,01122025,31122025,92.0,December,2025
D.N.NAGAR,01122025,31122025,70.0,December,2025
R.A KIDWAI MARG,01122025,31122025,39.0,December,2025
TARDEO,01122025,31122025,51.0,December,2025
SAHAR,01122025,31122025,90.0,December,2025
ANTOP HILL,01122025,31122025,51.0,December,2025
DEONAR,01122025,31122025,101.0,December,2025
JUHU,01122025,31122025,101.0,December,2025
KANJUR MARG,01122025,31122025,36.0,December,2025
NIRMAL NAGAR,01122025,31122025,89.0,December,2025
MIDC,01122025,31122025,97.0,December,2025
KASTURBA SUB PS,01122025,31122025,68.0,December,2025
NEHRU NAGAR,01122025,31122025,58.0,December,2025
R C F,01122025,31122025,50.0,December,2025
PANT NAGAR,01122025,31122025,96.0,December,2025
DINDOSHI,01122025,31122025,64.0,December,2025
KHAR,01122025,31122025,143.0,December,2025
CUFFE-PARADE,01122025,31122025,23.0,December,2025
OSHIWARA,01122025,31122025,177.0,December,2025
PARK SITE,01122025,31122025,66.0,December,2025
SHIVAJI NAGAR,01122025,31122025,128.0,December,2025
SIR JJ MARG,01122025,31122025,60.0,December,2025
SHIVAJI PARK,01122025,31122025,40.0,December,2025
MALABAR HILL,01122025,31122025,52.0,December,2025
MEGHWADI,01122025,31122025,56.0,December,2025
SION,01122025,31122025,21.0,December,2025
KURAR,01122025,31122025,67.0,December,2025
MHB COLONY,01122025,31122025,55.0,December,2025
NAVGHAR,01122025,31122025,30.0,December,2025
SHAHU NAGAR,01122025,31122025,40.0,December,2025
VERSOVA,01122025,31122025,102.0,December,2025
MARINE DRIVE,01122025,31122025,34.0,December,2025
WADALA TT,01122025,31122025,64.0,December,2025
BANDRA-KURLA COMPLEX,01122025,31122025,58.0,December,2025
POWAI,01122025,31122025,90.0,December,2025
CHARCOP,01122025,31122025,35.0,December,2025
VINOBA BHAVE NAGAR,01122025,31122025,69.0,December,2025
GORAI,01122025,31122025,10.0,December,2025
BANGUR NAGAR,01122025,31122025,58.0,December,2025
SAMTA NAGAR,01122025,31122025,128.0,December,2025
Mumbai Sagri Police Station,01122025,31122025,0.0,December,2025
GOVANDI POLICE STATION,01122025,31122025,51.0,December,2025
MANKHURD POLICE STATION,01122025,31122025,52.0,December,2025
CHUNABHATTI POLICE STATION,01122025,31122025,83.0,December,2025
AMBOLI,01122025,31122025,105.0,December,2025
VANRAI POLICE STATION,01122025,31122025,62.0,December,2025
Mumbai Sagri-2 Police Station,01122025,31122025,0.0,December,2025
CYBER POLICE STATION WEST REGION,01122025,31122025,24.0,December,2025
CYBER POLICE STATION EAST REGION,01122025,31122025,19.0,December,2025
CYBER POLICE STATION CENTRAL REGION,01122025,31122025,23.0,December,2025
CYBER POLICE STATION NORTH REGION,01122025,31122025,4.0,December,2025
CYBER POLICE STATION SOUTH REGION,01122025,31122025,0.0,December,2025
AREY SUB PS,01072024,31072024,14.0,July,2024
AGRIPADA,01072024,31072024,42.0,July,2024
AIR PORT,01072024,31072024,19.0,July,2024
ANDHERI,01072024,31072024,36.0,July,2024
AZAD MAIDAN,01072024,31072024,18.0,July,2024
BANDRA,01072024,31072024,128.0,July,2024
BHANDUP,01072024,31072024,75.0,July,2024
BHOIWADA,01072024,31072024,40.0,July,2024
BORIWALI,01072024,31072024,74.0,July,2024
BYCULLA,01072024,31072024,53.0,July,2024
CHEMBUR,01072024,31072024,46.0,July,2024
COLABA,01072024,31072024,25.0,July,2024
DADAR,01072024,31072024,37.0,July,2024
DHARAVI,01072024,31072024,65.0,July,2024
DONGRI,01072024,31072024,36.0,July,2024
GAMDEVI,01072024,31072024,55.0,July,2024
GHATKOPAR,01072024,31072024,102.0,July,2024
GOREGAON,01072024,31072024,32.0,July,2024
JOGESHWARI,01072024,31072024,16.0,July,2024
KALACHOWKI,01072024,31072024,36.0,July,2024
KANDIVALI (WEST),01072024,31072024,84.0,July,2024
KHERWADI,01072024,31072024,47.0,July,2024
KURLA,01072024,31072024,35.0,July,2024
D.B.MARG,01072024,31072024,79.0,July,2024
LT MARG,01072024,31072024,74.0,July,2024
MAHIM,01072024,31072024,52.0,July,2024
MALAD,01072024,31072024,83.0,July,2024
MATUNGA,01072024,31072024,28.0,July,2024
MULUND (WEST),01072024,31072024,72.0,July,2024
NAGPADA,01072024,31072024,90.0,July,2024
NM JOSHI MARG,01072024,31072024,52.0,July,2024
M R A MARG,01072024,31072024,15.0,July,2024
PYDHONIE,01072024,31072024,54.0,July,2024
SANTACRUZ,01072024,31072024,112.0,July,2024
SEWRI,01072024,31072024,39.0,July,2024
TILAK NAGAR,01072024,31072024,55.0,July,2024
VIKHROLI,01072024,31072024,72.0,July,2024
VILE PARLE,01072024,31072024,60.0,July,2024
V.P.ROAD,01072024,31072024,66.0,July,2024
WADALA,01072024,31072024,27.0,July,2024
WORLI,01072024,31072024,30.0,July,2024
YELLOWGATE,01072024,31072024,1.0,July,2024
VAKOLA,01072024,31072024,68.0,July,2024
TROMBAY,01072024,31072024,53.0,July,2024
MALVANI,01072024,31072024,98.0,July,2024
SAKINAKA,01072024,31072024,63.0,July,2024
DAHISAR,01072024,31072024,102.0,July,2024
D.N.NAGAR,01072024,31072024,86.0,July,2024
R.A KIDWAI MARG,01072024,31072024,45.0,July,2024
TARDEO,01072024,31072024,8.0,July,2024
SAHAR,01072024,31072024,61.0,July,2024
ANTOP HILL,01072024,31072024,34.0,July,2024
DEONAR,01072024,31072024,73.0,July,2024
JUHU,01072024,31072024,115.0,July,2024
KANJUR MARG,01072024,31072024,13.0,July,2024
NIRMAL NAGAR,01072024,31072024,46.0,July,2024
MIDC,01072024,31072024,64.0,July,2024
KASTURBA SUB PS,01072024,31072024,58.0,July,2024
NEHRU NAGAR,01072024,31072024,58.0,July,2024
R C F,01072024,31072024,26.0,July,2024
PANT NAGAR,01072024,31072024,134.0,July,2024
DINDOSHI,01072024,31072024,72.0,July,2024
KHAR,01072024,31072024,70.0,July,2024
CUFFE-PARADE,01072024,31072024,16.0,July,2024
OSHIWARA,01072024,31072024,75.0,July,2024
PARK SITE,01072024,31072024,57.0,July,2024
SHIVAJI NAGAR,01072024,31072024,49.0,July,2024
SIR JJ MARG,01072024,31072024,34.0,July,2024
SHIVAJI PARK,01072024,31072024,34.0,July,2024
MALABAR HILL,01072024,31072024,25.0,July,2024
MEGHWADI,01072024,31072024,19.0,July,2024
SION,01072024,31072024,32.0,July,2024
KURAR,01072024,31072024,53.0,July,2024
MHB COLONY,01072024,31072024,63.0,July,2024
NAVGHAR,01072024,31072024,29.0,July,2024
SHAHU NAGAR,01072024,31072024,15.0,July,2024
VERSOVA,01072024,31072024,49.0,July,2024
MARINE DRIVE,01072024,31072024,26.0,July,2024
WADALA TT,01072024,31072024,93.0,July,2024
BANDRA-KURLA COMPLEX,01072024,31072024,42.0,July,2024
POWAI,01072024,31072024,70.0,July,2024
CHARCOP,01072024,31072024,28.0,July,2024
VINOBA BHAVE NAGAR,01072024,31072024,35.0,July,2024
GORAI,01072024,31072024,4.0,July,2024
BANGUR NAGAR,01072024,31072024,55.0,July,2024
SAMTA NAGAR,01072024,31072024,106.0,July,2024
Mumbai Sagri Police Station,01072024,31072024,0.0,July,2024
GOVANDI POLICE STATION,01072024,31072024,15.0,July,2024
MANKHURD POLICE STATION,01072024,31072024,39.0,July,2024
CHUNABHATTI POLICE STATION,01072024,31072024,33.0,July,2024
AMBOLI,01072024,31072024,86.0,July,2024
VANRAI POLICE STATION,01072024,31072024,53.0,July,2024
Mumbai Sagri-2 Police Station,01072024,31072024,0.0,July,2024
CYBER POLICE STATION WEST REGION,01072024,31072024,30.0,July,2024
CYBER POLICE STATION EAST REGION,01072024,31072024,35.0,July,2024
CYBER POLICE STATION CENTRAL REGION,01072024,31072024,17.0,July,2024
CYBER POLICE STATION NORTH REGION,01072024,31072024,36.0,July,2024
CYBER POLICE STATION SOUTH REGION,01072024,31072024,11.0,July,2024
AREY SUB PS,01062026,30062026,34.0,June,2026
AGRIPADA,01062026,30062026,56.0,June,2026
AIR PORT,01062026,30062026,13.0,June,2026
ANDHERI,01062026,30062026,105.0,June,2026
AZAD MAIDAN,01062026,30062026,18.0,June,2026
BANDRA,01062026,30062026,259.0,June,2026
BHANDUP,01062026,30062026,79.0,June,2026
BHOIWADA,01062026,30062026,48.0,June,2026
BORIWALI,01062026,30062026,169.0,June,2026
BYCULLA,01062026,30062026,76.0,June,2026
CHEMBUR,01062026,30062026,125.0,June,2026
COLABA,01062026,30062026,73.0,June,2026
DADAR,01062026,30062026,90.0,June,2026
DHARAVI,01062026,30062026,106.0,June,2026
DONGRI,01062026,30062026,54.0,June,2026
GAMDEVI,01062026,30062026,38.0,June,2026
GHATKOPAR,01062026,30062026,117.0,June,2026
GOREGAON,01062026,30062026,154.0,June,2026
JOGESHWARI,01062026,30062026,90.0,June,2026
KALACHOWKI,01062026,30062026,43.0,June,2026
KANDIVALI (WEST),01062026,30062026,142.0,June,2026
KHERWADI,01062026,30062026,69.0,June,2026
KURLA,01062026,30062026,77.0,June,2026
D.B.MARG,01062026,30062026,147.0,June,2026
LT MARG,01062026,30062026,95.0,June,2026
MAHIM,01062026,30062026,62.0,June,2026
MALAD,01062026,30062026,195.0,June,2026
MATUNGA,01062026,30062026,27.0,June,2026
MULUND (WEST),01062026,30062026,119.0,June,2026
NAGPADA,01062026,30062026,49.0,June,2026
NM JOSHI MARG,01062026,30062026,56.0,June,2026
M R A MARG,01062026,30062026,55.0,June,2026
PYDHONIE,01062026,30062026,115.0,June,2026
SANTACRUZ,01062026,30062026,264.0,June,2026
SEWRI,01062026,30062026,54.0,June,2026
TILAK NAGAR,01062026,30062026,62.0,June,2026
VIKHROLI,01062026,30062026,81.0,June,2026
VILE PARLE,01062026,30062026,90.0,June,2026
V.P.ROAD,01062026,30062026,128.0,June,2026
WADALA,01062026,30062026,40.0,June,2026
WORLI,01062026,30062026,51.0,June,2026
YELLOWGATE,01062026,30062026,3.0,June,2026
VAKOLA,01062026,30062026,136.0,June,2026
TROMBAY,01062026,30062026,77.0,June,2026
MALVANI,01062026,30062026,157.0,June,2026
SAKINAKA,01062026,30062026,130.0,June,2026
DAHISAR,01062026,30062026,160.0,June,2026
D.N.NAGAR,01062026,30062026,210.0,June,2026
R.A KIDWAI MARG,01062026,30062026,48.0,June,2026
TARDEO,01062026,30062026,42.0,June,2026
SAHAR,01062026,30062026,78.0,June,2026
ANTOP HILL,01062026,30062026,39.0,June,2026
DEONAR,01062026,30062026,118.0,June,2026
JUHU,01062026,30062026,265.0,June,2026
KANJUR MARG,01062026,30062026,51.0,June,2026
NIRMAL NAGAR,01062026,30062026,80.0,June,2026
MIDC,01062026,30062026,161.0,June,2026
KASTURBA SUB PS,01062026,30062026,87.0,June,2026
NEHRU NAGAR,01062026,30062026,102.0,June,2026
R C F,01062026,30062026,58.0,June,2026
PANT NAGAR,01062026,30062026,102.0,June,2026
DINDOSHI,01062026,30062026,220.0,June,2026
KHAR,01062026,30062026,254.0,June,2026
CUFFE-PARADE,01062026,30062026,21.0,June,2026
OSHIWARA,01062026,30062026,133.0,June,2026
PARK SITE,01062026,30062026,70.0,June,2026
SHIVAJI NAGAR,01062026,30062026,74.0,June,2026
SIR JJ MARG,01062026,30062026,58.0,June,2026
SHIVAJI PARK,01062026,30062026,52.0,June,2026
MALABAR HILL,01062026,30062026,36.0,June,2026
MEGHWADI,01062026,30062026,53.0,June,2026
SION,01062026,30062026,46.0,June,2026
KURAR,01062026,30062026,118.0,June,2026
MHB COLONY,01062026,30062026,105.0,June,2026
NAVGHAR,01062026,30062026,45.0,June,2026
SHAHU NAGAR,01062026,30062026,54.0,June,2026
VERSOVA,01062026,30062026,146.0,June,2026
MARINE DRIVE,01062026,30062026,39.0,June,2026
WADALA TT,01062026,30062026,47.0,June,2026
BANDRA-KURLA COMPLEX,01062026,30062026,33.0,June,2026
POWAI,01062026,30062026,91.0,June,2026
CHARCOP,01062026,30062026,108.0,June,2026
VINOBA BHAVE NAGAR,01062026,30062026,66.0,June,2026
GORAI,01062026,30062026,28.0,June,2026
BANGUR NAGAR,01062026,30062026,123.0,June,2026
SAMTA NAGAR,01062026,30062026,192.0,June,2026
Mumbai Sagri Police Station,01062026,30062026,0.0,June,2026
GOVANDI POLICE STATION,01062026,30062026,103.0,June,2026
MANKHURD POLICE STATION,01062026,30062026,91.0,June,2026
CHUNABHATTI POLICE STATION,01062026,30062026,115.0,June,2026
AMBOLI,01062026,30062026,111.0,June,2026
VANRAI POLICE STATION,01062026,30062026,127.0,June,2026
Mumbai Sagri-2 Police Station,01062026,30062026,0.0,June,2026
CYBER POLICE STATION WEST REGION,01062026,30062026,15.0,June,2026
CYBER POLICE STATION EAST REGION,01062026,30062026,7.0,June,2026
CYBER POLICE STATION CENTRAL REGION,01062026,30062026,10.0,June,2026
CYBER POLICE STATION NORTH REGION,01062026,30062026,15.0,June,2026
CYBER POLICE STATION SOUTH REGION,01062026,30062026,6.0,June,2026
AREY SUB PS,01012026,31012026,29.0,January,2026
AGRIPADA,01012026,31012026,47.0,January,2026
AIR PORT,01012026,31012026,19.0,January,2026
ANDHERI,01012026,31012026,34.0,January,2026
AZAD MAIDAN,01012026,31012026,23.0,January,2026
BANDRA,01012026,31012026,169.0,January,2026
BHANDUP,01012026,31012026,58.0,January,2026
BHOIWADA,01012026,31012026,31.0,January,2026
BORIWALI,01012026,31012026,73.0,January,2026
BYCULLA,01012026,31012026,60.0,January,2026
CHEMBUR,01012026,31012026,25.0,January,2026
COLABA,01012026,31012026,35.0,January,2026
DADAR,01012026,31012026,50.0,January,2026
DHARAVI,01012026,31012026,94.0,January,2026
DONGRI,01012026,31012026,57.0,January,2026
GAMDEVI,01012026,31012026,82.0,January,2026
GHATKOPAR,01012026,31012026,89.0,January,2026
GOREGAON,01012026,31012026,74.0,January,2026
JOGESHWARI,01012026,31012026,32.0,January,2026
KALACHOWKI,01012026,31012026,32.0,January,2026
KANDIVALI (WEST),01012026,31012026,48.0,January,2026
KHERWADI,01012026,31012026,51.0,January,2026
KURLA,01012026,31012026,47.0,January,2026
D.B.MARG,01012026,31012026,111.0,January,2026
LT MARG,01012026,31012026,106.0,January,2026
MAHIM,01012026,31012026,50.0,January,2026
MALAD,01012026,31012026,118.0,January,2026
MATUNGA,01012026,31012026,29.0,January,2026
MULUND (WEST),01012026,31012026,50.0,January,2026
NAGPADA,01012026,31012026,46.0,January,2026
NM JOSHI MARG,01012026,31012026,38.0,January,2026
M R A MARG,01012026,31012026,56.0,January,2026
PYDHONIE,01012026,31012026,83.0,January,2026
SANTACRUZ,01012026,31012026,106.0,January,2026
SEWRI,01012026,31012026,51.0,January,2026
TILAK NAGAR,01012026,31012026,44.0,January,2026
VIKHROLI,01012026,31012026,36.0,January,2026
VILE PARLE,01012026,31012026,118.0,January,2026
V.P.ROAD,01012026,31012026,105.0,January,2026
WADALA,01012026,31012026,25.0,January,2026
WORLI,01012026,31012026,41.0,January,2026
YELLOWGATE,01012026,31012026,5.0,January,2026
VAKOLA,01012026,31012026,95.0,January,2026
TROMBAY,01012026,31012026,34.0,January,2026
MALVANI,01012026,31012026,98.0,January,2026
SAKINAKA,01012026,31012026,88.0,January,2026
DAHISAR,01012026,31012026,89.0,January,2026
D.N.NAGAR,01012026,31012026,75.0,January,2026
R.A KIDWAI MARG,01012026,31012026,30.0,January,2026
TARDEO,01012026,31012026,49.0,January,2026
SAHAR,01012026,31012026,71.0,January,2026
ANTOP HILL,01012026,31012026,45.0,January,2026
DEONAR,01012026,31012026,32.0,January,2026
JUHU,01012026,31012026,122.0,January,2026
KANJUR MARG,01012026,31012026,21.0,January,2026
NIRMAL NAGAR,01012026,31012026,70.0,January,2026
MIDC,01012026,31012026,84.0,January,2026
KASTURBA SUB PS,01012026,31012026,49.0,January,2026
NEHRU NAGAR,01012026,31012026,30.0,January,2026
R C F,01012026,31012026,42.0,January,2026
PANT NAGAR,01012026,31012026,64.0,January,2026
DINDOSHI,01012026,31012026,62.0,January,2026
KHAR,01012026,31012026,123.0,January,2026
CUFFE-PARADE,01012026,31012026,23.0,January,2026
OSHIWARA,01012026,31012026,150.0,January,2026
PARK SITE,01012026,31012026,70.0,January,2026
SHIVAJI NAGAR,01012026,31012026,56.0,January,2026
SIR JJ MARG,01012026,31012026,48.0,January,2026
SHIVAJI PARK,01012026,31012026,59.0,January,2026
MALABAR HILL,01012026,31012026,58.0,January,2026
MEGHWADI,01012026,31012026,28.0,January,2026
SION,01012026,31012026,32.0,January,2026
KURAR,01012026,31012026,97.0,January,2026
MHB COLONY,01012026,31012026,42.0,January,2026
NAVGHAR,01012026,31012026,35.0,January,2026
SHAHU NAGAR,01012026,31012026,49.0,January,2026
VERSOVA,01012026,31012026,101.0,January,2026
MARINE DRIVE,01012026,31012026,26.0,January,2026
WADALA TT,01012026,31012026,53.0,January,2026
BANDRA-KURLA COMPLEX,01012026,31012026,46.0,January,2026
POWAI,01012026,31012026,98.0,January,2026
CHARCOP,01012026,31012026,35.0,January,2026
VINOBA BHAVE NAGAR,01012026,31012026,67.0,January,2026
GORAI,01012026,31012026,16.0,January,2026
BANGUR NAGAR,01012026,31012026,56.0,January,2026
SAMTA NAGAR,01012026,31012026,94.0,January,2026
Mumbai Sagri Police Station,01012026,31012026,0.0,January,2026
GOVANDI POLICE STATION,01012026,31012026,36.0,January,2026
MANKHURD POLICE STATION,01012026,31012026,37.0,January,2026
CHUNABHATTI POLICE STATION,01012026,31012026,42.0,January,2026
AMBOLI,01012026,31012026,87.0,January,2026
VANRAI POLICE STATION,01012026,31012026,52.0,January,2026
Mumbai Sagri-2 Police Station,01012026,31012026,0.0,January,2026
CYBER POLICE STATION WEST REGION,01012026,31012026,27.0,January,2026
CYBER POLICE STATION EAST REGION,01012026,31012026,17.0,January,2026
CYBER POLICE STATION CENTRAL REGION,01012026,31012026,11.0,January,2026
CYBER POLICE STATION NORTH REGION,01012026,31012026,30.0,January,2026
CYBER POLICE STATION SOUTH REGION,01012026,31012026,6.0,January,2026
AREY SUB PS,01102024,31102024,11.0,October,2024
AGRIPADA,01102024,31102024,62.0,October,2024
AIR PORT,01102024,31102024,23.0,October,2024
ANDHERI,01102024,31102024,36.0,October,2024
AZAD MAIDAN,01102024,31102024,18.0,October,2024
BANDRA,01102024,31102024,210.0,October,2024
BHANDUP,01102024,31102024,66.0,October,2024
BHOIWADA,01102024,31102024,35.0,October,2024
BORIWALI,01102024,31102024,65.0,October,2024
BYCULLA,01102024,31102024,51.0,October,2024
CHEMBUR,01102024,31102024,37.0,October,2024
COLABA,01102024,31102024,21.0,October,2024
DADAR,01102024,31102024,56.0,October,2024
DHARAVI,01102024,31102024,83.0,October,2024
DONGRI,01102024,31102024,34.0,October,2024
GAMDEVI,01102024,31102024,112.0,October,2024
GHATKOPAR,01102024,31102024,95.0,October,2024
GOREGAON,01102024,31102024,55.0,October,2024
JOGESHWARI,01102024,31102024,42.0,October,2024
KALACHOWKI,01102024,31102024,20.0,October,2024
KANDIVALI (WEST),01102024,31102024,84.0,October,2024
KHERWADI,01102024,31102024,38.0,October,2024
KURLA,01102024,31102024,77.0,October,2024
D.B.MARG,01102024,31102024,92.0,October,2024
LT MARG,01102024,31102024,116.0,October,2024
MAHIM,01102024,31102024,49.0,October,2024
MALAD,01102024,31102024,72.0,October,2024
MATUNGA,01102024,31102024,31.0,October,2024
MULUND (WEST),01102024,31102024,46.0,October,2024
NAGPADA,01102024,31102024,51.0,October,2024
NM JOSHI MARG,01102024,31102024,46.0,October,2024
M R A MARG,01102024,31102024,28.0,October,2024
PYDHONIE,01102024,31102024,125.0,October,2024
SANTACRUZ,01102024,31102024,153.0,October,2024
SEWRI,01102024,31102024,98.0,October,2024
TILAK NAGAR,01102024,31102024,69.0,October,2024
VIKHROLI,01102024,31102024,36.0,October,2024
VILE PARLE,01102024,31102024,78.0,October,2024
V.P.ROAD,01102024,31102024,94.0,October,2024
WADALA,01102024,31102024,40.0,October,2024
WORLI,01102024,31102024,33.0,October,2024
YELLOWGATE,01102024,31102024,1.0,October,2024
VAKOLA,01102024,31102024,86.0,October,2024
TROMBAY,01102024,31102024,56.0,October,2024
MALVANI,01102024,31102024,124.0,October,2024
SAKINAKA,01102024,31102024,103.0,October,2024
DAHISAR,01102024,31102024,81.0,October,2024
D.N.NAGAR,01102024,31102024,217.0,October,2024
R.A KIDWAI MARG,01102024,31102024,30.0,October,2024
TARDEO,01102024,31102024,29.0,October,2024
SAHAR,01102024,31102024,78.0,October,2024
ANTOP HILL,01102024,31102024,33.0,October,2024
DEONAR,01102024,31102024,99.0,October,2024
JUHU,01102024,31102024,118.0,October,2024
KANJUR MARG,01102024,31102024,19.0,October,2024
NIRMAL NAGAR,01102024,31102024,25.0,October,2024
MIDC,01102024,31102024,60.0,October,2024
KASTURBA SUB PS,01102024,31102024,61.0,October,2024
NEHRU NAGAR,01102024,31102024,49.0,October,2024
R C F,01102024,31102024,50.0,October,2024
PANT NAGAR,01102024,31102024,64.0,October,2024
DINDOSHI,01102024,31102024,72.0,October,2024
KHAR,01102024,31102024,158.0,October,2024
CUFFE-PARADE,01102024,31102024,23.0,October,2024
OSHIWARA,01102024,31102024,172.0,October,2024
PARK SITE,01102024,31102024,82.0,October,2024
SHIVAJI NAGAR,01102024,31102024,84.0,October,2024
SIR JJ MARG,01102024,31102024,43.0,October,2024
SHIVAJI PARK,01102024,31102024,58.0,October,2024
MALABAR HILL,01102024,31102024,22.0,October,2024
MEGHWADI,01102024,31102024,29.0,October,2024
SION,01102024,31102024,26.0,October,2024
KURAR,01102024,31102024,67.0,October,2024
MHB COLONY,01102024,31102024,49.0,October,2024
NAVGHAR,01102024,31102024,23.0,October,2024
SHAHU NAGAR,01102024,31102024,49.0,October,2024
VERSOVA,01102024,31102024,68.0,October,2024
MARINE DRIVE,01102024,31102024,30.0,October,2024
WADALA TT,01102024,31102024,49.0,October,2024
BANDRA-KURLA COMPLEX,01102024,31102024,42.0,October,2024
POWAI,01102024,31102024,67.0,October,2024
CHARCOP,01102024,31102024,33.0,October,2024
VINOBA BHAVE NAGAR,01102024,31102024,57.0,October,2024
GORAI,01102024,31102024,4.0,October,2024
BANGUR NAGAR,01102024,31102024,44.0,October,2024
SAMTA NAGAR,01102024,31102024,90.0,October,2024
Mumbai Sagri Police Station,01102024,31102024,0.0,October,2024
GOVANDI POLICE STATION,01102024,31102024,26.0,October,2024
MANKHURD POLICE STATION,01102024,31102024,42.0,October,2024
CHUNABHATTI POLICE STATION,01102024,31102024,48.0,October,2024
AMBOLI,01102024,31102024,162.0,October,2024
VANRAI POLICE STATION,01102024,31102024,40.0,October,2024
Mumbai Sagri-2 Police Station,01102024,31102024,0.0,October,2024
CYBER POLICE STATION WEST REGION,01102024,31102024,24.0,October,2024
CYBER POLICE STATION EAST REGION,01102024,31102024,36.0,October,2024
CYBER POLICE STATION CENTRAL REGION,01102024,31102024,27.0,October,2024
CYBER POLICE STATION NORTH REGION,01102024,31102024,37.0,October,2024
CYBER POLICE STATION SOUTH REGION,01102024,31102024,16.0,October,2024
AREY SUB PS,01042024,30042024,11.0,April,2024
AGRIPADA,01042024,30042024,48.0,April,2024
AIR PORT,01042024,30042024,25.0,April,2024
ANDHERI,01042024,30042024,58.0,April,2024
AZAD MAIDAN,01042024,30042024,31.0,April,2024
BANDRA,01042024,30042024,158.0,April,2024
BHANDUP,01042024,30042024,95.0,April,2024
BHOIWADA,01042024,30042024,34.0,April,2024
BORIWALI,01042024,30042024,67.0,April,2024
BYCULLA,01042024,30042024,90.0,April,2024
CHEMBUR,01042024,30042024,60.0,April,2024
COLABA,01042024,30042024,26.0,April,2024
DADAR,01042024,30042024,74.0,April,2024
DHARAVI,01042024,30042024,116.0,April,2024
DONGRI,01042024,30042024,31.0,April,2024
GAMDEVI,01042024,30042024,70.0,April,2024
GHATKOPAR,01042024,30042024,147.0,April,2024
GOREGAON,01042024,30042024,70.0,April,2024
JOGESHWARI,01042024,30042024,44.0,April,2024
KALACHOWKI,01042024,30042024,19.0,April,2024
KANDIVALI (WEST),01042024,30042024,90.0,April,2024
KHERWADI,01042024,30042024,89.0,April,2024
KURLA,01042024,30042024,48.0,April,2024
D.B.MARG,01042024,30042024,64.0,April,2024
LT MARG,01042024,30042024,98.0,April,2024
MAHIM,01042024,30042024,40.0,April,2024
MALAD,01042024,30042024,72.0,April,2024
MATUNGA,01042024,30042024,30.0,April,2024
MULUND (WEST),01042024,30042024,68.0,April,2024
NAGPADA,01042024,30042024,110.0,April,2024
NM JOSHI MARG,01042024,30042024,83.0,April,2024
M R A MARG,01042024,30042024,36.0,April,2024
PYDHONIE,01042024,30042024,115.0,April,2024
SANTACRUZ,01042024,30042024,105.0,April,2024
SEWRI,01042024,30042024,22.0,April,2024
TILAK NAGAR,01042024,30042024,41.0,April,2024
VIKHROLI,01042024,30042024,50.0,April,2024
VILE PARLE,01042024,30042024,84.0,April,2024
V.P.ROAD,01042024,30042024,91.0,April,2024
WADALA,01042024,30042024,17.0,April,2024
WORLI,01042024,30042024,43.0,April,2024
YELLOWGATE,01042024,30042024,7.0,April,2024
VAKOLA,01042024,30042024,92.0,April,2024
TROMBAY,01042024,30042024,65.0,April,2024
MALVANI,01042024,30042024,123.0,April,2024
SAKINAKA,01042024,30042024,48.0,April,2024
DAHISAR,01042024,30042024,103.0,April,2024
D.N.NAGAR,01042024,30042024,67.0,April,2024
R.A KIDWAI MARG,01042024,30042024,41.0,April,2024
TARDEO,01042024,30042024,42.0,April,2024
SAHAR,01042024,30042024,56.0,April,2024
ANTOP HILL,01042024,30042024,54.0,April,2024
DEONAR,01042024,30042024,139.0,April,2024
JUHU,01042024,30042024,60.0,April,2024
KANJUR MARG,01042024,30042024,29.0,April,2024
NIRMAL NAGAR,01042024,30042024,64.0,April,2024
MIDC,01042024,30042024,61.0,April,2024
KASTURBA SUB PS,01042024,30042024,84.0,April,2024
NEHRU NAGAR,01042024,30042024,53.0,April,2024
R C F,01042024,30042024,57.0,April,2024
PANT NAGAR,01042024,30042024,84.0,April,2024
DINDOSHI,01042024,30042024,82.0,April,2024
KHAR,01042024,30042024,87.0,April,2024
CUFFE-PARADE,01042024,30042024,22.0,April,2024
OSHIWARA,01042024,30042024,84.0,April,2024
PARK SITE,01042024,30042024,53.0,April,2024
SHIVAJI NAGAR,01042024,30042024,86.0,April,2024
SIR JJ MARG,01042024,30042024,37.0,April,2024
SHIVAJI PARK,01042024,30042024,49.0,April,2024
MALABAR HILL,01042024,30042024,43.0,April,2024
MEGHWADI,01042024,30042024,40.0,April,2024
SION,01042024,30042024,41.0,April,2024
KURAR,01042024,30042024,58.0,April,2024
MHB COLONY,01042024,30042024,81.0,April,2024
NAVGHAR,01042024,30042024,20.0,April,2024
SHAHU NAGAR,01042024,30042024,31.0,April,2024
VERSOVA,01042024,30042024,33.0,April,2024
MARINE DRIVE,01042024,30042024,26.0,April,2024
WADALA TT,01042024,30042024,74.0,April,2024
BANDRA-KURLA COMPLEX,01042024,30042024,75.0,April,2024
POWAI,01042024,30042024,67.0,April,2024
CHARCOP,01042024,30042024,49.0,April,2024
VINOBA BHAVE NAGAR,01042024,30042024,28.0,April,2024
GORAI,01042024,30042024,3.0,April,2024
BANGUR NAGAR,01042024,30042024,68.0,April,2024
SAMTA NAGAR,01042024,30042024,60.0,April,2024
Mumbai Sagri Police Station,01042024,30042024,0.0,April,2024
GOVANDI POLICE STATION,01042024,30042024,27.0,April,2024
MANKHURD POLICE STATION,01042024,30042024,37.0,April,2024
CHUNABHATTI POLICE STATION,01042024,30042024,40.0,April,2024
AMBOLI,01042024,30042024,88.0,April,2024
VANRAI POLICE STATION,01042024,30042024,22.0,April,2024
Mumbai Sagri-2 Police Station,01042024,30042024,0.0,April,2024
CYBER POLICE STATION WEST REGION,01042024,30042024,30.0,April,2024
CYBER POLICE STATION EAST REGION,01042024,30042024,17.0,April,2024
CYBER POLICE STATION CENTRAL REGION,01042024,30042024,17.0,April,2024
CYBER POLICE STATION NORTH REGION,01042024,30042024,6.0,April,2024
CYBER POLICE STATION SOUTH REGION,01042024,30042024,23.0,April,2024
AREY SUB PS,01102025,31102025,14.0,October,2025
AGRIPADA,01102025,31102025,52.0,October,2025
AIR PORT,01102025,31102025,8.0,October,2025
ANDHERI,01102025,31102025,37.0,October,2025
AZAD MAIDAN,01102025,31102025,21.0,October,2025
BANDRA,01102025,31102025,127.0,October,2025
BHANDUP,01102025,31102025,84.0,October,2025
BHOIWADA,01102025,31102025,19.0,October,2025
BORIWALI,01102025,31102025,68.0,October,2025
BYCULLA,01102025,31102025,85.0,October,2025
CHEMBUR,01102025,31102025,44.0,October,2025
COLABA,01102025,31102025,20.0,October,2025
DADAR,01102025,31102025,63.0,October,2025
DHARAVI,01102025,31102025,121.0,October,2025
DONGRI,01102025,31102025,44.0,October,2025
GAMDEVI,01102025,31102025,214.0,October,2025
GHATKOPAR,01102025,31102025,92.0,October,2025
GOREGAON,01102025,31102025,58.0,October,2025
JOGESHWARI,01102025,31102025,28.0,October,2025
KALACHOWKI,01102025,31102025,48.0,October,2025
KANDIVALI (WEST),01102025,31102025,65.0,October,2025
KHERWADI,01102025,31102025,32.0,October,2025
KURLA,01102025,31102025,56.0,October,2025
D.B.MARG,01102025,31102025,167.0,October,2025
LT MARG,01102025,31102025,122.0,October,2025
MAHIM,01102025,31102025,40.0,October,2025
MALAD,01102025,31102025,146.0,October,2025
MATUNGA,01102025,31102025,27.0,October,2025
MULUND (WEST),01102025,31102025,78.0,October,2025
NAGPADA,01102025,31102025,71.0,October,2025
NM JOSHI MARG,01102025,31102025,30.0,October,2025
M R A MARG,01102025,31102025,35.0,October,2025
PYDHONIE,01102025,31102025,240.0,October,2025
SANTACRUZ,01102025,31102025,95.0,October,2025
SEWRI,01102025,31102025,45.0,October,2025
TILAK NAGAR,01102025,31102025,41.0,October,2025
VIKHROLI,01102025,31102025,34.0,October,2025
VILE PARLE,01102025,31102025,76.0,October,2025
V.P.ROAD,01102025,31102025,138.0,October,2025
WADALA,01102025,31102025,21.0,October,2025
WORLI,01102025,31102025,62.0,October,2025
YELLOWGATE,01102025,31102025,2.0,October,2025
VAKOLA,01102025,31102025,73.0,October,2025
TROMBAY,01102025,31102025,51.0,October,2025
MALVANI,01102025,31102025,106.0,October,2025
SAKINAKA,01102025,31102025,84.0,October,2025
DAHISAR,01102025,31102025,86.0,October,2025
D.N.NAGAR,01102025,31102025,71.0,October,2025
R.A KIDWAI MARG,01102025,31102025,25.0,October,2025
TARDEO,01102025,31102025,54.0,October,2025
SAHAR,01102025,31102025,54.0,October,2025
ANTOP HILL,01102025,31102025,45.0,October,2025
DEONAR,01102025,31102025,48.0,October,2025
JUHU,01102025,31102025,90.0,October,2025
KANJUR MARG,01102025,31102025,21.0,October,2025
NIRMAL NAGAR,01102025,31102025,70.0,October,2025
MIDC,01102025,31102025,84.0,October,2025
KASTURBA SUB PS,01102025,31102025,39.0,October,2025
NEHRU NAGAR,01102025,31102025,50.0,October,2025
R C F,01102025,31102025,46.0,October,2025
PANT NAGAR,01102025,31102025,80.0,October,2025
DINDOSHI,01102025,31102025,66.0,October,2025
KHAR,01102025,31102025,102.0,October,2025
CUFFE-PARADE,01102025,31102025,18.0,October,2025
OSHIWARA,01102025,31102025,151.0,October,2025
PARK SITE,01102025,31102025,58.0,October,2025
SHIVAJI NAGAR,01102025,31102025,91.0,October,2025
SIR JJ MARG,01102025,31102025,77.0,October,2025
SHIVAJI PARK,01102025,31102025,63.0,October,2025
MALABAR HILL,01102025,31102025,85.0,October,2025
MEGHWADI,01102025,31102025,30.0,October,2025
SION,01102025,31102025,25.0,October,2025
KURAR,01102025,31102025,64.0,October,2025
MHB COLONY,01102025,31102025,72.0,October,2025
NAVGHAR,01102025,31102025,25.0,October,2025
SHAHU NAGAR,01102025,31102025,48.0,October,2025
VERSOVA,01102025,31102025,75.0,October,2025
MARINE DRIVE,01102025,31102025,26.0,October,2025
WADALA TT,01102025,31102025,106.0,October,2025
BANDRA-KURLA COMPLEX,01102025,31102025,56.0,October,2025
POWAI,01102025,31102025,88.0,October,2025
CHARCOP,01102025,31102025,31.0,October,2025
VINOBA BHAVE NAGAR,01102025,31102025,59.0,October,2025
GORAI,01102025,31102025,8.0,October,2025
BANGUR NAGAR,01102025,31102025,56.0,October,2025
SAMTA NAGAR,01102025,31102025,77.0,October,2025
Mumbai Sagri Police Station,01102025,31102025,0.0,October,2025
GOVANDI POLICE STATION,01102025,31102025,39.0,October,2025
MANKHURD POLICE STATION,01102025,31102025,37.0,October,2025
CHUNABHATTI POLICE STATION,01102025,31102025,51.0,October,2025
AMBOLI,01102025,31102025,73.0,October,2025
VANRAI POLICE STATION,01102025,31102025,48.0,October,2025
Mumbai Sagri-2 Police Station,01102025,31102025,0.0,October,2025
CYBER POLICE STATION WEST REGION,01102025,31102025,31.0,October,2025
CYBER POLICE STATION EAST REGION,01102025,31102025,18.0,October,2025
CYBER POLICE STATION CENTRAL REGION,01102025,31102025,19.0,October,2025
CYBER POLICE STATION NORTH REGION,01102025,31102025,31.0,October,2025
CYBER POLICE STATION SOUTH REGION,01102025,31102025,3.0,October,2025
AREY SUB PS,01082026,31082026,57.0,August,2026
AGRIPADA,01082026,31082026,76.0,August,2026
AIR PORT,01082026,31082026,5.0,August,2026
ANDHERI,01082026,31082026,79.0,August,2026
AZAD MAIDAN,01082026,31082026,22.0,August,2026
BANDRA,01082026,31082026,234.0,August,2026
BHANDUP,01082026,31082026,179.0,August,2026
BHOIWADA,01082026,31082026,33.0,August,2026
BORIWALI,01082026,31082026,97.0,August,2026
BYCULLA,01082026,31082026,62.0,August,2026
CHEMBUR,01082026,31082026,140.0,August,2026
COLABA,01082026,31082026,46.0,August,2026
DADAR,01082026,31082026,74.0,August,2026
DHARAVI,01082026,31082026,119.0,August,2026
DONGRI,01082026,31082026,71.0,August,2026
GAMDEVI,01082026,31082026,86.0,August,2026
GHATKOPAR,01082026,31082026,88.0,August,2026
GOREGAON,01082026,31082026,125.0,August,2026
JOGESHWARI,01082026,31082026,73.0,August,2026
KALACHOWKI,01082026,31082026,49.0,August,2026
KANDIVALI (WEST),01082026,31082026,147.0,August,2026
KHERWADI,01082026,31082026,91.0,August,2026
KURLA,01082026,31082026,97.0,August,2026
D.B.MARG,01082026,31082026,141.0,August,2026
LT MARG,01082026,31082026,125.0,August,2026
MAHIM,01082026,31082026,86.0,August,2026
MALAD,01082026,31082026,134.0,August,2026
MATUNGA,01082026,31082026,35.0,August,2026
MULUND (WEST),01082026,31082026,127.0,August,2026
NAGPADA,01082026,31082026,75.0,August,2026
NM JOSHI MARG,01082026,31082026,42.0,August,2026
M R A MARG,01082026,31082026,42.0,August,2026
PYDHONIE,01082026,31082026,94.0,August,2026
SANTACRUZ,01082026,31082026,283.0,August,2026
SEWRI,01082026,31082026,53.0,August,2026
TILAK NAGAR,01082026,31082026,41.0,August,2026
VIKHROLI,01082026,31082026,100.0,August,2026
VILE PARLE,01082026,31082026,83.0,August,2026
V.P.ROAD,01082026,31082026,142.0,August,2026
WADALA,01082026,31082026,46.0,August,2026
WORLI,01082026,31082026,38.0,August,2026
YELLOWGATE,01082026,31082026,7.0,August,2026
VAKOLA,01082026,31082026,100.0,August,2026
TROMBAY,01082026,31082026,37.0,August,2026
MALVANI,01082026,31082026,113.0,August,2026
SAKINAKA,01082026,31082026,95.0,August,2026
DAHISAR,01082026,31082026,143.0,August,2026
D.N.NAGAR,01082026,31082026,145.0,August,2026
R.A KIDWAI MARG,01082026,31082026,60.0,August,2026
TARDEO,01082026,31082026,35.0,August,2026
SAHAR,01082026,31082026,80.0,August,2026
ANTOP HILL,01082026,31082026,50.0,August,2026
DEONAR,01082026,31082026,68.0,August,2026
JUHU,01082026,31082026,165.0,August,2026
KANJUR MARG,01082026,31082026,93.0,August,2026
NIRMAL NAGAR,01082026,31082026,125.0,August,2026
MIDC,01082026,31082026,125.0,August,2026
KASTURBA SUB PS,01082026,31082026,66.0,August,2026
NEHRU NAGAR,01082026,31082026,66.0,August,2026
R C F,01082026,31082026,63.0,August,2026
PANT NAGAR,01082026,31082026,109.0,August,2026
DINDOSHI,01082026,31082026,90.0,August,2026
KHAR,01082026,31082026,239.0,August,2026
CUFFE-PARADE,01082026,31082026,9.0,August,2026
OSHIWARA,01082026,31082026,151.0,August,2026
PARK SITE,01082026,31082026,119.0,August,2026
SHIVAJI NAGAR,01082026,31082026,93.0,August,2026
SIR JJ MARG,01082026,31082026,48.0,August,2026
SHIVAJI PARK,01082026,31082026,61.0,August,2026
MALABAR HILL,01082026,31082026,41.0,August,2026
MEGHWADI,01082026,31082026,62.0,August,2026
SION,01082026,31082026,25.0,August,2026
KURAR,01082026,31082026,97.0,August,2026
MHB COLONY,01082026,31082026,94.0,August,2026
NAVGHAR,01082026,31082026,86.0,August,2026
SHAHU NAGAR,01082026,31082026,53.0,August,2026
VERSOVA,01082026,31082026,0.0,August,2026
MARINE DRIVE,01082026,31082026,28.0,August,2026
WADALA TT,01082026,31082026,54.0,August,2026
BANDRA-KURLA COMPLEX,01082026,31082026,63.0,August,2026
POWAI,01082026,31082026,106.0,August,2026
CHARCOP,01082026,31082026,105.0,August,2026
VINOBA BHAVE NAGAR,01082026,31082026,55.0,August,2026
GORAI,01082026,31082026,25.0,August,2026
BANGUR NAGAR,01082026,31082026,135.0,August,2026
SAMTA NAGAR,01082026,31082026,179.0,August,2026
Mumbai Sagri Police Station,01082026,31082026,0.0,August,2026
GOVANDI POLICE STATION,01082026,31082026,54.0,August,2026
MANKHURD POLICE STATION,01082026,31082026,64.0,August,2026
CHUNABHATTI POLICE STATION,01082026,31082026,88.0,August,2026
AMBOLI,01082026,31082026,211.0,August,2026
VANRAI POLICE STATION,01082026,31082026,91.0,August,2026
Mumbai Sagri-2 Police Station,01082026,31082026,0.0,August,2026
CYBER POLICE STATION WEST REGION,01082026,31082026,16.0,August,2026
CYBER POLICE STATION EAST REGION,01082026,31082026,20.0,August,2026
CYBER POLICE STATION CENTRAL REGION,01082026,31082026,6.0,August,2026
CYBER POLICE STATION NORTH REGION,01082026,31082026,18.0,August,2026
CYBER POLICE STATION SOUTH REGION,01082026,31082026,13.0,August,2026
AREY SUB PS,01122024,31122024,16.0,December,2024
AGRIPADA,01122024,31122024,49.0,December,2024
AIR PORT,01122024,31122024,21.0,December,2024
ANDHERI,01122024,31122024,98.0,December,2024
AZAD MAIDAN,01122024,31122024,27.0,December,2024
BANDRA,01122024,31122024,90.0,December,2024
BHANDUP,01122024,31122024,51.0,December,2024
BHOIWADA,01122024,31122024,27.0,December,2024
BORIWALI,01122024,31122024,72.0,December,2024
BYCULLA,01122024,31122024,26.0,December,2024
CHEMBUR,01122024,31122024,33.0,December,2024
COLABA,01122024,31122024,20.0,December,2024
DADAR,01122024,31122024,50.0,December,2024
DHARAVI,01122024,31122024,70.0,December,2024
DONGRI,01122024,31122024,26.0,December,2024
GAMDEVI,01122024,31122024,64.0,December,2024
GHATKOPAR,01122024,31122024,100.0,December,2024
GOREGAON,01122024,31122024,66.0,December,2024
JOGESHWARI,01122024,31122024,28.0,December,2024
KALACHOWKI,01122024,31122024,25.0,December,2024
KANDIVALI (WEST),01122024,31122024,69.0,December,2024
KHERWADI,01122024,31122024,56.0,December,2024
KURLA,01122024,31122024,53.0,December,2024
D.B.MARG,01122024,31122024,59.0,December,2024
LT MARG,01122024,31122024,55.0,December,2024
MAHIM,01122024,31122024,42.0,December,2024
MALAD,01122024,31122024,59.0,December,2024
MATUNGA,01122024,31122024,16.0,December,2024
MULUND (WEST),01122024,31122024,58.0,December,2024
NAGPADA,01122024,31122024,61.0,December,2024
NM JOSHI MARG,01122024,31122024,28.0,December,2024
M R A MARG,01122024,31122024,13.0,December,2024
PYDHONIE,01122024,31122024,88.0,December,2024
SANTACRUZ,01122024,31122024,89.0,December,2024
SEWRI,01122024,31122024,31.0,December,2024
TILAK NAGAR,01122024,31122024,30.0,December,2024
VIKHROLI,01122024,31122024,38.0,December,2024
VILE PARLE,01122024,31122024,53.0,December,2024
V.P.ROAD,01122024,31122024,98.0,December,2024
WADALA,01122024,31122024,32.0,December,2024
WORLI,01122024,31122024,41.0,December,2024
YELLOWGATE,01122024,31122024,5.0,December,2024
VAKOLA,01122024,31122024,83.0,December,2024
TROMBAY,01122024,31122024,78.0,December,2024
MALVANI,01122024,31122024,197.0,December,2024
SAKINAKA,01122024,31122024,75.0,December,2024
DAHISAR,01122024,31122024,100.0,December,2024
D.N.NAGAR,01122024,31122024,101.0,December,2024
R.A KIDWAI MARG,01122024,31122024,18.0,December,2024
TARDEO,01122024,31122024,28.0,December,2024
SAHAR,01122024,31122024,78.0,December,2024
ANTOP HILL,01122024,31122024,38.0,December,2024
DEONAR,01122024,31122024,71.0,December,2024
JUHU,01122024,31122024,113.0,December,2024
KANJUR MARG,01122024,31122024,17.0,December,2024
NIRMAL NAGAR,01122024,31122024,42.0,December,2024
MIDC,01122024,31122024,78.0,December,2024
KASTURBA SUB PS,01122024,31122024,40.0,December,2024
NEHRU NAGAR,01122024,31122024,33.0,December,2024
R C F,01122024,31122024,47.0,December,2024
PANT NAGAR,01122024,31122024,94.0,December,2024
DINDOSHI,01122024,31122024,58.0,December,2024
KHAR,01122024,31122024,108.0,December,2024
CUFFE-PARADE,01122024,31122024,10.0,December,2024
OSHIWARA,01122024,31122024,125.0,December,2024
PARK SITE,01122024,31122024,53.0,December,2024
SHIVAJI NAGAR,01122024,31122024,58.0,December,2024
SIR JJ MARG,01122024,31122024,30.0,December,2024
SHIVAJI PARK,01122024,31122024,51.0,December,2024
MALABAR HILL,01122024,31122024,23.0,December,2024
MEGHWADI,01122024,31122024,23.0,December,2024
SION,01122024,31122024,22.0,December,2024
KURAR,01122024,31122024,62.0,December,2024
MHB COLONY,01122024,31122024,53.0,December,2024
NAVGHAR,01122024,31122024,20.0,December,2024
SHAHU NAGAR,01122024,31122024,42.0,December,2024
VERSOVA,01122024,31122024,104.0,December,2024
MARINE DRIVE,01122024,31122024,13.0,December,2024
WADALA TT,01122024,31122024,72.0,December,2024
BANDRA-KURLA COMPLEX,01122024,31122024,68.0,December,2024
POWAI,01122024,31122024,135.0,December,2024
CHARCOP,01122024,31122024,33.0,December,2024
VINOBA BHAVE NAGAR,01122024,31122024,52.0,December,2024
GORAI,01122024,31122024,3.0,December,2024
BANGUR NAGAR,01122024,31122024,47.0,December,2024
SAMTA NAGAR,01122024,31122024,62.0,December,2024
Mumbai Sagri Police Station,01122024,31122024,0.0,December,2024
GOVANDI POLICE STATION,01122024,31122024,25.0,December,2024
MANKHURD POLICE STATION,01122024,31122024,39.0,December,2024
CHUNABHATTI POLICE STATION,01122024,31122024,62.0,December,2024
AMBOLI,01122024,31122024,114.0,December,2024
VANRAI POLICE STATION,01122024,31122024,30.0,December,2024
Mumbai Sagri-2 Police Station,01122024,31122024,0.0,December,2024
CYBER POLICE STATION WEST REGION,01122024,31122024,29.0,December,2024
CYBER POLICE STATION EAST REGION,01122024,31122024,19.0,December,2024
CYBER POLICE STATION CENTRAL REGION,01122024,31122024,22.0,December,2024
CYBER POLICE STATION NORTH REGION,01122024,31122024,19.0,December,2024
CYBER POLICE STATION SOUTH REGION,01122024,31122024,10.0,December,2024
AREY SUB PS,01042026,30042026,22.0,April,2026
AGRIPADA,01042026,30042026,57.0,April,2026
AIR PORT,01042026,30042026,22.0,April,2026
ANDHERI,01042026,30042026,68.0,April,2026
AZAD MAIDAN,01042026,30042026,37.0,April,2026
BANDRA,01042026,30042026,158.0,April,2026
BHANDUP,01042026,30042026,113.0,April,2026
BHOIWADA,01042026,30042026,38.0,April,2026
BORIWALI,01042026,30042026,96.0,April,2026
BYCULLA,01042026,30042026,58.0,April,2026
CHEMBUR,01042026,30042026,183.0,April,2026
COLABA,01042026,30042026,33.0,April,2026
DADAR,01042026,30042026,39.0,April,2026
DHARAVI,01042026,30042026,80.0,April,2026
DONGRI,01042026,30042026,67.0,April,2026
GAMDEVI,01042026,30042026,93.0,April,2026
GHATKOPAR,01042026,30042026,152.0,April,2026
GOREGAON,01042026,30042026,82.0,April,2026
JOGESHWARI,01042026,30042026,58.0,April,2026
KALACHOWKI,01042026,30042026,31.0,April,2026
KANDIVALI (WEST),01042026,30042026,140.0,April,2026
KHERWADI,01042026,30042026,40.0,April,2026
KURLA,01042026,30042026,54.0,April,2026
D.B.MARG,01042026,30042026,151.0,April,2026
LT MARG,01042026,30042026,215.0,April,2026
MAHIM,01042026,30042026,70.0,April,2026
MALAD,01042026,30042026,216.0,April,2026
MATUNGA,01042026,30042026,24.0,April,2026
MULUND (WEST),01042026,30042026,137.0,April,2026
NAGPADA,01042026,30042026,71.0,April,2026
NM JOSHI MARG,01042026,30042026,47.0,April,2026
M R A MARG,01042026,30042026,45.0,April,2026
PYDHONIE,01042026,30042026,120.0,April,2026
SANTACRUZ,01042026,30042026,98.0,April,2026
SEWRI,01042026,30042026,57.0,April,2026
TILAK NAGAR,01042026,30042026,54.0,April,2026
VIKHROLI,01042026,30042026,56.0,April,2026
VILE PARLE,01042026,30042026,93.0,April,2026
V.P.ROAD,01042026,30042026,169.0,April,2026
WADALA,01042026,30042026,45.0,April,2026
WORLI,01042026,30042026,45.0,April,2026
YELLOWGATE,01042026,30042026,9.0,April,2026
VAKOLA,01042026,30042026,116.0,April,2026
TROMBAY,01042026,30042026,87.0,April,2026
MALVANI,01042026,30042026,144.0,April,2026
SAKINAKA,01042026,30042026,123.0,April,2026
DAHISAR,01042026,30042026,120.0,April,2026
D.N.NAGAR,01042026,30042026,71.0,April,2026
R.A KIDWAI MARG,01042026,30042026,17.0,April,2026
TARDEO,01042026,30042026,45.0,April,2026
SAHAR,01042026,30042026,92.0,April,2026
ANTOP HILL,01042026,30042026,61.0,April,2026
DEONAR,01042026,30042026,80.0,April,2026
JUHU,01042026,30042026,62.0,April,2026
KANJUR MARG,01042026,30042026,32.0,April,2026
NIRMAL NAGAR,01042026,30042026,87.0,April,2026
MIDC,01042026,30042026,85.0,April,2026
KASTURBA SUB PS,01042026,30042026,52.0,April,2026
NEHRU NAGAR,01042026,30042026,69.0,April,2026
R C F,01042026,30042026,45.0,April,2026
PANT NAGAR,01042026,30042026,110.0,April,2026
DINDOSHI,01042026,30042026,108.0,April,2026
KHAR,01042026,30042026,72.0,April,2026
CUFFE-PARADE,01042026,30042026,8.0,April,2026
OSHIWARA,01042026,30042026,93.0,April,2026
PARK SITE,01042026,30042026,110.0,April,2026
SHIVAJI NAGAR,01042026,30042026,101.0,April,2026
SIR JJ MARG,01042026,30042026,108.0,April,2026
SHIVAJI PARK,01042026,30042026,41.0,April,2026
MALABAR HILL,01042026,30042026,80.0,April,2026
MEGHWADI,01042026,30042026,40.0,April,2026
SION,01042026,30042026,21.0,April,2026
KURAR,01042026,30042026,94.0,April,2026
MHB COLONY,01042026,30042026,70.0,April,2026
NAVGHAR,01042026,30042026,51.0,April,2026
SHAHU NAGAR,01042026,30042026,58.0,April,2026
VERSOVA,01042026,30042026,99.0,April,2026
MARINE DRIVE,01042026,30042026,23.0,April,2026
WADALA TT,01042026,30042026,69.0,April,2026
BANDRA-KURLA COMPLEX,01042026,30042026,43.0,April,2026
POWAI,01042026,30042026,127.0,April,2026
CHARCOP,01042026,30042026,74.0,April,2026
VINOBA BHAVE NAGAR,01042026,30042026,72.0,April,2026
GORAI,01042026,30042026,29.0,April,2026
BANGUR NAGAR,01042026,30042026,68.0,April,2026
SAMTA NAGAR,01042026,30042026,102.0,April,2026
Mumbai Sagri Police Station,01042026,30042026,0.0,April,2026
GOVANDI POLICE STATION,01042026,30042026,81.0,April,2026
MANKHURD POLICE STATION,01042026,30042026,61.0,April,2026
CHUNABHATTI POLICE STATION,01042026,30042026,118.0,April,2026
AMBOLI,01042026,30042026,76.0,April,2026
VANRAI POLICE STATION,01042026,30042026,57.0,April,2026
Mumbai Sagri-2 Police Station,01042026,30042026,0.0,April,2026
CYBER POLICE STATION WEST REGION,01042026,30042026,22.0,April,2026
CYBER POLICE STATION EAST REGION,01042026,30042026,19.0,April,2026
CYBER POLICE STATION CENTRAL REGION,01042026,30042026,14.0,April,2026
CYBER POLICE STATION NORTH REGION,01042026,30042026,25.0,April,2026
CYBER POLICE STATION SOUTH REGION,01042026,30042026,3.0,April,2026
AREY SUB PS,01032026,31032026,22.0,March,2026
AGRIPADA,01032026,31032026,43.0,March,2026
AIR PORT,01032026,31032026,25.0,March,2026
ANDHERI,01032026,31032026,146.0,March,2026
AZAD MAIDAN,01032026,31032026,24.0,March,2026
BANDRA,01032026,31032026,201.0,March,2026
BHANDUP,01032026,31032026,94.0,March,2026
BHOIWADA,01032026,31032026,46.0,March,2026
BORIWALI,01032026,31032026,131.0,March,2026
BYCULLA,01032026,31032026,58.0,March,2026
CHEMBUR,01032026,31032026,112.0,March,2026
COLABA,01032026,31032026,36.0,March,2026
DADAR,01032026,31032026,61.0,March,2026
DHARAVI,01032026,31032026,100.0,March,2026
DONGRI,01032026,31032026,98.0,March,2026
GAMDEVI,01032026,31032026,189.0,March,2026
GHATKOPAR,01032026,31032026,149.0,March,2026
GOREGAON,01032026,31032026,129.0,March,2026
JOGESHWARI,01032026,31032026,63.0,March,2026
KALACHOWKI,01032026,31032026,47.0,March,2026
KANDIVALI (WEST),01032026,31032026,130.0,March,2026
KHERWADI,01032026,31032026,57.0,March,2026
KURLA,01032026,31032026,58.0,March,2026
D.B.MARG,01032026,31032026,281.0,March,2026
LT MARG,01032026,31032026,263.0,March,2026
MAHIM,01032026,31032026,80.0,March,2026
MALAD,01032026,31032026,144.0,March,2026
MATUNGA,01032026,31032026,24.0,March,2026
MULUND (WEST),01032026,31032026,219.0,March,2026
NAGPADA,01032026,31032026,57.0,March,2026
NM JOSHI MARG,01032026,31032026,36.0,March,2026
M R A MARG,01032026,31032026,38.0,March,2026
PYDHONIE,01032026,31032026,187.0,March,2026
SANTACRUZ,01032026,31032026,121.0,March,2026
SEWRI,01032026,31032026,44.0,March,2026
TILAK NAGAR,01032026,31032026,55.0,March,2026
VIKHROLI,01032026,31032026,80.0,March,2026
VILE PARLE,01032026,31032026,130.0,March,2026
V.P.ROAD,01032026,31032026,217.0,March,2026
WADALA,01032026,31032026,25.0,March,2026
WORLI,01032026,31032026,47.0,March,2026
YELLOWGATE,01032026,31032026,9.0,March,2026
VAKOLA,01032026,31032026,119.0,March,2026
TROMBAY,01032026,31032026,51.0,March,2026
MALVANI,01032026,31032026,208.0,March,2026
SAKINAKA,01032026,31032026,109.0,March,2026
DAHISAR,01032026,31032026,156.0,March,2026
D.N.NAGAR,01032026,31032026,78.0,March,2026
R.A KIDWAI MARG,01032026,31032026,42.0,March,2026
TARDEO,01032026,31032026,43.0,March,2026
SAHAR,01032026,31032026,96.0,March,2026
ANTOP HILL,01032026,31032026,84.0,March,2026
DEONAR,01032026,31032026,109.0,March,2026
JUHU,01032026,31032026,129.0,March,2026
KANJUR MARG,01032026,31032026,44.0,March,2026
NIRMAL NAGAR,01032026,31032026,95.0,March,2026
MIDC,01032026,31032026,139.0,March,2026
KASTURBA SUB PS,01032026,31032026,51.0,March,2026
NEHRU NAGAR,01032026,31032026,88.0,March,2026
R C F,01032026,31032026,70.0,March,2026
PANT NAGAR,01032026,31032026,95.0,March,2026
DINDOSHI,01032026,31032026,87.0,March,2026
KHAR,01032026,31032026,110.0,March,2026
CUFFE-PARADE,01032026,31032026,19.0,March,2026
OSHIWARA,01032026,31032026,178.0,March,2026
PARK SITE,01032026,31032026,147.0,March,2026
SHIVAJI NAGAR,01032026,31032026,94.0,March,2026
SIR JJ MARG,01032026,31032026,85.0,March,2026
SHIVAJI PARK,01032026,31032026,58.0,March,2026
MALABAR HILL,01032026,31032026,81.0,March,2026
MEGHWADI,01032026,31032026,69.0,March,2026
SION,01032026,31032026,25.0,March,2026
KURAR,01032026,31032026,105.0,March,2026
MHB COLONY,01032026,31032026,81.0,March,2026
NAVGHAR,01032026,31032026,67.0,March,2026
SHAHU NAGAR,01032026,31032026,30.0,March,2026
VERSOVA,01032026,31032026,114.0,March,2026
MARINE DRIVE,01032026,31032026,26.0,March,2026
WADALA TT,01032026,31032026,61.0,March,2026
BANDRA-KURLA COMPLEX,01032026,31032026,58.0,March,2026
POWAI,01032026,31032026,123.0,March,2026
CHARCOP,01032026,31032026,151.0,March,2026
VINOBA BHAVE NAGAR,01032026,31032026,78.0,March,2026
GORAI,01032026,31032026,19.0,March,2026
BANGUR NAGAR,01032026,31032026,94.0,March,2026
SAMTA NAGAR,01032026,31032026,104.0,March,2026
Mumbai Sagri Police Station,01032026,31032026,0.0,March,2026
GOVANDI POLICE STATION,01032026,31032026,56.0,March,2026
MANKHURD POLICE STATION,01032026,31032026,59.0,March,2026
CHUNABHATTI POLICE STATION,01032026,31032026,115.0,March,2026
AMBOLI,01032026,31032026,84.0,March,2026
VANRAI POLICE STATION,01032026,31032026,77.0,March,2026
Mumbai Sagri-2 Police Station,01032026,31032026,0.0,March,2026
CYBER POLICE STATION WEST REGION,01032026,31032026,28.0,March,2026
CYBER POLICE STATION EAST REGION,01032026,31032026,16.0,March,2026
CYBER POLICE STATION CENTRAL REGION,01032026,31032026,14.0,March,2026
CYBER POLICE STATION NORTH REGION,01032026,31032026,29.0,March,2026
CYBER POLICE STATION SOUTH REGION,01032026,31032026,6.0,March,2026
AREY SUB PS,01082024,31082024,13.0,August,2024
AGRIPADA,01082024,31082024,58.0,August,2024
AIR PORT,01082024,31082024,18.0,August,2024
ANDHERI,01082024,31082024,24.0,August,2024
AZAD MAIDAN,01082024,31082024,23.0,August,2024
BANDRA,01082024,31082024,197.0,August,2024
BHANDUP,01082024,31082024,96.0,August,2024
BHOIWADA,01082024,31082024,42.0,August,2024
BORIWALI,01082024,31082024,75.0,August,2024
BYCULLA,01082024,31082024,66.0,August,2024
CHEMBUR,01082024,31082024,69.0,August,2024
COLABA,01082024,31082024,26.0,August,2024
DADAR,01082024,31082024,52.0,August,2024
DHARAVI,01082024,31082024,92.0,August,2024
DONGRI,01082024,31082024,36.0,August,2024
GAMDEVI,01082024,31082024,60.0,August,2024
GHATKOPAR,01082024,31082024,130.0,August,2024
GOREGAON,01082024,31082024,70.0,August,2024
JOGESHWARI,01082024,31082024,28.0,August,2024
KALACHOWKI,01082024,31082024,50.0,August,2024
KANDIVALI (WEST),01082024,31082024,125.0,August,2024
KHERWADI,01082024,31082024,43.0,August,2024
KURLA,01082024,31082024,56.0,August,2024
D.B.MARG,01082024,31082024,78.0,August,2024
LT MARG,01082024,31082024,89.0,August,2024
MAHIM,01082024,31082024,52.0,August,2024
MALAD,01082024,31082024,80.0,August,2024
MATUNGA,01082024,31082024,32.0,August,2024
MULUND (WEST),01082024,31082024,90.0,August,2024
NAGPADA,01082024,31082024,103.0,August,2024
NM JOSHI MARG,01082024,31082024,69.0,August,2024
M R A MARG,01082024,31082024,26.0,August,2024
PYDHONIE,01082024,31082024,80.0,August,2024
SANTACRUZ,01082024,31082024,102.0,August,2024
SEWRI,01082024,31082024,47.0,August,2024
TILAK NAGAR,01082024,31082024,59.0,August,2024
VIKHROLI,01082024,31082024,71.0,August,2024
VILE PARLE,01082024,31082024,52.0,August,2024
V.P.ROAD,01082024,31082024,68.0,August,2024
WADALA,01082024,31082024,28.0,August,2024
WORLI,01082024,31082024,38.0,August,2024
YELLOWGATE,01082024,31082024,1.0,August,2024
VAKOLA,01082024,31082024,77.0,August,2024
TROMBAY,01082024,31082024,38.0,August,2024
MALVANI,01082024,31082024,131.0,August,2024
SAKINAKA,01082024,31082024,87.0,August,2024
DAHISAR,01082024,31082024,107.0,August,2024
D.N.NAGAR,01082024,31082024,110.0,August,2024
R.A KIDWAI MARG,01082024,31082024,25.0,August,2024
TARDEO,01082024,31082024,100.0,August,2024
SAHAR,01082024,31082024,55.0,August,2024
ANTOP HILL,01082024,31082024,38.0,August,2024
DEONAR,01082024,31082024,60.0,August,2024
JUHU,01082024,31082024,128.0,August,2024
KANJUR MARG,01082024,31082024,23.0,August,2024
NIRMAL NAGAR,01082024,31082024,12.0,August,2024
MIDC,01082024,31082024,67.0,August,2024
KASTURBA SUB PS,01082024,31082024,68.0,August,2024
NEHRU NAGAR,01082024,31082024,57.0,August,2024
R C F,01082024,31082024,34.0,August,2024
PANT NAGAR,01082024,31082024,114.0,August,2024
DINDOSHI,01082024,31082024,68.0,August,2024
KHAR,01082024,31082024,103.0,August,2024
CUFFE-PARADE,01082024,31082024,24.0,August,2024
OSHIWARA,01082024,31082024,125.0,August,2024
PARK SITE,01082024,31082024,93.0,August,2024
SHIVAJI NAGAR,01082024,31082024,88.0,August,2024
SIR JJ MARG,01082024,31082024,32.0,August,2024
SHIVAJI PARK,01082024,31082024,27.0,August,2024
MALABAR HILL,01082024,31082024,21.0,August,2024
MEGHWADI,01082024,31082024,2.0,August,2024
SION,01082024,31082024,29.0,August,2024
KURAR,01082024,31082024,70.0,August,2024
MHB COLONY,01082024,31082024,67.0,August,2024
NAVGHAR,01082024,31082024,18.0,August,2024
SHAHU NAGAR,01082024,31082024,40.0,August,2024
VERSOVA,01082024,31082024,71.0,August,2024
MARINE DRIVE,01082024,31082024,27.0,August,2024
WADALA TT,01082024,31082024,60.0,August,2024
BANDRA-KURLA COMPLEX,01082024,31082024,46.0,August,2024
POWAI,01082024,31082024,83.0,August,2024
CHARCOP,01082024,31082024,68.0,August,2024
VINOBA BHAVE NAGAR,01082024,31082024,35.0,August,2024
GORAI,01082024,31082024,4.0,August,2024
BANGUR NAGAR,01082024,31082024,89.0,August,2024
SAMTA NAGAR,01082024,31082024,136.0,August,2024
Mumbai Sagri Police Station,01082024,31082024,0.0,August,2024
GOVANDI POLICE STATION,01082024,31082024,26.0,August,2024
MANKHURD POLICE STATION,01082024,31082024,36.0,August,2024
CHUNABHATTI POLICE STATION,01082024,31082024,37.0,August,2024
AMBOLI,01082024,31082024,188.0,August,2024
VANRAI POLICE STATION,01082024,31082024,25.0,August,2024
Mumbai Sagri-2 Police Station,01082024,31082024,0.0,August,2024
CYBER POLICE STATION WEST REGION,01082024,31082024,41.0,August,2024
CYBER POLICE STATION EAST REGION,01082024,31082024,47.0,August,2024
CYBER POLICE STATION CENTRAL REGION,01082024,31082024,47.0,August,2024
CYBER POLICE STATION NORTH REGION,01082024,31082024,37.0,August,2024
CYBER POLICE STATION SOUTH REGION,01082024,31082024,12.0,August,2024
AREY SUB PS,01062025,30062025,11.0,June,2025
AGRIPADA,01062025,30062025,53.0,June,2025
AIR PORT,01062025,30062025,31.0,June,2025
ANDHERI,01062025,30062025,50.0,June,2025
AZAD MAIDAN,01062025,30062025,47.0,June,2025
BANDRA,01062025,30062025,257.0,June,2025
BHANDUP,01062025,30062025,123.0,June,2025
BHOIWADA,01062025,30062025,73.0,June,2025
BORIWALI,01062025,30062025,82.0,June,2025
BYCULLA,01062025,30062025,145.0,June,2025
CHEMBUR,01062025,30062025,61.0,June,2025
COLABA,01062025,30062025,21.0,June,2025
DADAR,01062025,30062025,65.0,June,2025
DHARAVI,01062025,30062025,162.0,June,2025
DONGRI,01062025,30062025,52.0,June,2025
GAMDEVI,01062025,30062025,78.0,June,2025
GHATKOPAR,01062025,30062025,167.0,June,2025
GOREGAON,01062025,30062025,62.0,June,2025
JOGESHWARI,01062025,30062025,68.0,June,2025
KALACHOWKI,01062025,30062025,52.0,June,2025
KANDIVALI (WEST),01062025,30062025,95.0,June,2025
KHERWADI,01062025,30062025,110.0,June,2025
KURLA,01062025,30062025,60.0,June,2025
D.B.MARG,01062025,30062025,137.0,June,2025
LT MARG,01062025,30062025,182.0,June,2025
MAHIM,01062025,30062025,51.0,June,2025
MALAD,01062025,30062025,66.0,June,2025
MATUNGA,01062025,30062025,34.0,June,2025
MULUND (WEST),01062025,30062025,153.0,June,2025
NAGPADA,01062025,30062025,209.0,June,2025
NM JOSHI MARG,01062025,30062025,70.0,June,2025
M R A MARG,01062025,30062025,90.0,June,2025
PYDHONIE,01062025,30062025,134.0,June,2025
SANTACRUZ,01062025,30062025,125.0,June,2025
SEWRI,01062025,30062025,55.0,June,2025
TILAK NAGAR,01062025,30062025,61.0,June,2025
VIKHROLI,01062025,30062025,89.0,June,2025
VILE PARLE,01062025,30062025,98.0,June,2025
V.P.ROAD,01062025,30062025,197.0,June,2025
WADALA,01062025,30062025,32.0,June,2025
WORLI,01062025,30062025,50.0,June,2025
YELLOWGATE,01062025,30062025,3.0,June,2025
VAKOLA,01062025,30062025,128.0,June,2025
TROMBAY,01062025,30062025,51.0,June,2025
MALVANI,01062025,30062025,110.0,June,2025
SAKINAKA,01062025,30062025,145.0,June,2025
DAHISAR,01062025,30062025,113.0,June,2025
D.N.NAGAR,01062025,30062025,158.0,June,2025
R.A KIDWAI MARG,01062025,30062025,82.0,June,2025
TARDEO,01062025,30062025,18.0,June,2025
SAHAR,01062025,30062025,181.0,June,2025
ANTOP HILL,01062025,30062025,87.0,June,2025
DEONAR,01062025,30062025,92.0,June,2025
JUHU,01062025,30062025,127.0,June,2025
KANJUR MARG,01062025,30062025,39.0,June,2025
NIRMAL NAGAR,01062025,30062025,101.0,June,2025
MIDC,01062025,30062025,107.0,June,2025
KASTURBA SUB PS,01062025,30062025,46.0,June,2025
NEHRU NAGAR,01062025,30062025,54.0,June,2025
R C F,01062025,30062025,65.0,June,2025
PANT NAGAR,01062025,30062025,223.0,June,2025
DINDOSHI,01062025,30062025,69.0,June,2025
KHAR,01062025,30062025,137.0,June,2025
CUFFE-PARADE,01062025,30062025,14.0,June,2025
OSHIWARA,01062025,30062025,168.0,June,2025
PARK SITE,01062025,30062025,93.0,June,2025
SHIVAJI NAGAR,01062025,30062025,88.0,June,2025
SIR JJ MARG,01062025,30062025,57.0,June,2025
SHIVAJI PARK,01062025,30062025,51.0,June,2025
MALABAR HILL,01062025,30062025,49.0,June,2025
MEGHWADI,01062025,30062025,83.0,June,2025
SION,01062025,30062025,47.0,June,2025
KURAR,01062025,30062025,77.0,June,2025
MHB COLONY,01062025,30062025,83.0,June,2025
NAVGHAR,01062025,30062025,76.0,June,2025
SHAHU NAGAR,01062025,30062025,47.0,June,2025
VERSOVA,01062025,30062025,115.0,June,2025
MARINE DRIVE,01062025,30062025,8.0,June,2025
WADALA TT,01062025,30062025,96.0,June,2025
BANDRA-KURLA COMPLEX,01062025,30062025,112.0,June,2025
POWAI,01062025,30062025,133.0,June,2025
CHARCOP,01062025,30062025,62.0,June,2025
VINOBA BHAVE NAGAR,01062025,30062025,75.0,June,2025
GORAI,01062025,30062025,14.0,June,2025
BANGUR NAGAR,01062025,30062025,66.0,June,2025
SAMTA NAGAR,01062025,30062025,90.0,June,2025
Mumbai Sagri Police Station,01062025,30062025,0.0,June,2025
GOVANDI POLICE STATION,01062025,30062025,111.0,June,2025
MANKHURD POLICE STATION,01062025,30062025,46.0,June,2025
CHUNABHATTI POLICE STATION,01062025,30062025,60.0,June,2025
AMBOLI,01062025,30062025,104.0,June,2025
VANRAI POLICE STATION,01062025,30062025,53.0,June,2025
Mumbai Sagri-2 Police Station,01062025,30062025,0.0,June,2025
CYBER POLICE STATION WEST REGION,01062025,30062025,35.0,June,2025
CYBER POLICE STATION EAST REGION,01062025,30062025,13.0,June,2025
CYBER POLICE STATION CENTRAL REGION,01062025,30062025,27.0,June,2025
CYBER POLICE STATION NORTH REGION,01062025,30062025,8.0,June,2025
CYBER POLICE STATION SOUTH REGION,01062025,30062025,9.0,June,2025
AREY SUB PS,01092025,30092025,14.0,September,2025
AGRIPADA,01092025,30092025,66.0,September,2025
AIR PORT,01092025,30092025,12.0,September,2025
ANDHERI,01092025,30092025,40.0,September,2025
AZAD MAIDAN,01092025,30092025,22.0,September,2025
BANDRA,01092025,30092025,138.0,September,2025
BHANDUP,01092025,30092025,83.0,September,2025
BHOIWADA,01092025,30092025,51.0,September,2025
BORIWALI,01092025,30092025,82.0,September,2025
BYCULLA,01092025,30092025,72.0,September,2025
CHEMBUR,01092025,30092025,76.0,September,2025
COLABA,01092025,30092025,15.0,September,2025
DADAR,01092025,30092025,115.0,September,2025
DHARAVI,01092025,30092025,117.0,September,2025
DONGRI,01092025,30092025,55.0,September,2025
GAMDEVI,01092025,30092025,71.0,September,2025
GHATKOPAR,01092025,30092025,134.0,September,2025
GOREGAON,01092025,30092025,57.0,September,2025
JOGESHWARI,01092025,30092025,47.0,September,2025
KALACHOWKI,01092025,30092025,80.0,September,2025
KANDIVALI (WEST),01092025,30092025,56.0,September,2025
KHERWADI,01092025,30092025,32.0,September,2025
KURLA,01092025,30092025,87.0,September,2025
D.B.MARG,01092025,30092025,171.0,September,2025
LT MARG,01092025,30092025,108.0,September,2025
MAHIM,01092025,30092025,88.0,September,2025
MALAD,01092025,30092025,94.0,September,2025
MATUNGA,01092025,30092025,53.0,September,2025
MULUND (WEST),01092025,30092025,129.0,September,2025
NAGPADA,01092025,30092025,58.0,September,2025
NM JOSHI MARG,01092025,30092025,34.0,September,2025
M R A MARG,01092025,30092025,37.0,September,2025
PYDHONIE,01092025,30092025,198.0,September,2025
SANTACRUZ,01092025,30092025,95.0,September,2025
SEWRI,01092025,30092025,36.0,September,2025
TILAK NAGAR,01092025,30092025,30.0,September,2025
VIKHROLI,01092025,30092025,48.0,September,2025
VILE PARLE,01092025,30092025,70.0,September,2025
V.P.ROAD,01092025,30092025,171.0,September,2025
WADALA,01092025,30092025,24.0,September,2025
WORLI,01092025,30092025,58.0,September,2025
YELLOWGATE,01092025,30092025,8.0,September,2025
VAKOLA,01092025,30092025,79.0,September,2025
TROMBAY,01092025,30092025,25.0,September,2025
MALVANI,01092025,30092025,92.0,September,2025
SAKINAKA,01092025,30092025,75.0,September,2025
DAHISAR,01092025,30092025,143.0,September,2025
D.N.NAGAR,01092025,30092025,57.0,September,2025
R.A KIDWAI MARG,01092025,30092025,44.0,September,2025
TARDEO,01092025,30092025,89.0,September,2025
SAHAR,01092025,30092025,70.0,September,2025
ANTOP HILL,01092025,30092025,62.0,September,2025
DEONAR,01092025,30092025,59.0,September,2025
JUHU,01092025,30092025,88.0,September,2025
KANJUR MARG,01092025,30092025,43.0,September,2025
NIRMAL NAGAR,01092025,30092025,64.0,September,2025
MIDC,01092025,30092025,68.0,September,2025
KASTURBA SUB PS,01092025,30092025,46.0,September,2025
NEHRU NAGAR,01092025,30092025,46.0,September,2025
R C F,01092025,30092025,45.0,September,2025
PANT NAGAR,01092025,30092025,91.0,September,2025
DINDOSHI,01092025,30092025,43.0,September,2025
KHAR,01092025,30092025,78.0,September,2025
CUFFE-PARADE,01092025,30092025,19.0,September,2025
OSHIWARA,01092025,30092025,139.0,September,2025
PARK SITE,01092025,30092025,100.0,September,2025
SHIVAJI NAGAR,01092025,30092025,66.0,September,2025
SIR JJ MARG,01092025,30092025,101.0,September,2025
SHIVAJI PARK,01092025,30092025,69.0,September,2025
MALABAR HILL,01092025,30092025,47.0,September,2025
MEGHWADI,01092025,30092025,29.0,September,2025
SION,01092025,30092025,25.0,September,2025
KURAR,01092025,30092025,66.0,September,2025
MHB COLONY,01092025,30092025,72.0,September,2025
NAVGHAR,01092025,30092025,27.0,September,2025
SHAHU NAGAR,01092025,30092025,112.0,September,2025
VERSOVA,01092025,30092025,71.0,September,2025
MARINE DRIVE,01092025,30092025,27.0,September,2025
WADALA TT,01092025,30092025,86.0,September,2025
BANDRA-KURLA COMPLEX,01092025,30092025,42.0,September,2025
POWAI,01092025,30092025,92.0,September,2025
CHARCOP,01092025,30092025,37.0,September,2025
VINOBA BHAVE NAGAR,01092025,30092025,73.0,September,2025
GORAI,01092025,30092025,14.0,September,2025
BANGUR NAGAR,01092025,30092025,58.0,September,2025
SAMTA NAGAR,01092025,30092025,79.0,September,2025
Mumbai Sagri Police Station,01092025,30092025,0.0,September,2025
GOVANDI POLICE STATION,01092025,30092025,42.0,September,2025
MANKHURD POLICE STATION,01092025,30092025,39.0,September,2025
CHUNABHATTI POLICE STATION,01092025,30092025,34.0,September,2025
AMBOLI,01092025,30092025,61.0,September,2025
VANRAI POLICE STATION,01092025,30092025,41.0,September,2025
Mumbai Sagri-2 Police Station,01092025,30092025,0.0,September,2025
CYBER POLICE STATION WEST REGION,01092025,30092025,33.0,September,2025
CYBER POLICE STATION EAST REGION,01092025,30092025,33.0,September,2025
CYBER POLICE STATION CENTRAL REGION,01092025,30092025,18.0,September,2025
CYBER POLICE STATION NORTH REGION,01092025,30092025,0.0,September,2025
CYBER POLICE STATION SOUTH REGION,01092025,30092025,6.0,September,2025
AREY SUB PS,01092024,30092024,15.0,September,2024
AGRIPADA,01092024,30092024,42.0,September,2024
AIR PORT,01092024,30092024,19.0,September,2024
ANDHERI,01092024,30092024,28.0,September,2024
AZAD MAIDAN,01092024,30092024,12.0,September,2024
BANDRA,01092024,30092024,114.0,September,2024
BHANDUP,01092024,30092024,57.0,September,2024
BHOIWADA,01092024,30092024,22.0,September,2024
BORIWALI,01092024,30092024,69.0,September,2024
BYCULLA,01092024,30092024,71.0,September,2024
CHEMBUR,01092024,30092024,22.0,September,2024
COLABA,01092024,30092024,18.0,September,2024
DADAR,01092024,30092024,25.0,September,2024
DHARAVI,01092024,30092024,68.0,September,2024
DONGRI,01092024,30092024,23.0,September,2024
GAMDEVI,01092024,30092024,36.0,September,2024
GHATKOPAR,01092024,30092024,98.0,September,2024
GOREGAON,01092024,30092024,59.0,September,2024
JOGESHWARI,01092024,30092024,17.0,September,2024
KALACHOWKI,01092024,30092024,67.0,September,2024
KANDIVALI (WEST),01092024,30092024,47.0,September,2024
KHERWADI,01092024,30092024,24.0,September,2024
KURLA,01092024,30092024,46.0,September,2024
D.B.MARG,01092024,30092024,62.0,September,2024
LT MARG,01092024,30092024,50.0,September,2024
MAHIM,01092024,30092024,45.0,September,2024
MALAD,01092024,30092024,75.0,September,2024
MATUNGA,01092024,30092024,21.0,September,2024
MULUND (WEST),01092024,30092024,39.0,September,2024
NAGPADA,01092024,30092024,53.0,September,2024
NM JOSHI MARG,01092024,30092024,45.0,September,2024
M R A MARG,01092024,30092024,23.0,September,2024
PYDHONIE,01092024,30092024,41.0,September,2024
SANTACRUZ,01092024,30092024,64.0,September,2024
SEWRI,01092024,30092024,49.0,September,2024
TILAK NAGAR,01092024,30092024,50.0,September,2024
VIKHROLI,01092024,30092024,32.0,September,2024
VILE PARLE,01092024,30092024,55.0,September,2024
V.P.ROAD,01092024,30092024,49.0,September,2024
WADALA,01092024,30092024,23.0,September,2024
WORLI,01092024,30092024,18.0,September,2024
YELLOWGATE,01092024,30092024,1.0,September,2024
VAKOLA,01092024,30092024,41.0,September,2024
TROMBAY,01092024,30092024,20.0,September,2024
MALVANI,01092024,30092024,91.0,September,2024
SAKINAKA,01092024,30092024,60.0,September,2024
DAHISAR,01092024,30092024,80.0,September,2024
D.N.NAGAR,01092024,30092024,74.0,September,2024
R.A KIDWAI MARG,01092024,30092024,14.0,September,2024
TARDEO,01092024,30092024,21.0,September,2024
SAHAR,01092024,30092024,56.0,September,2024
ANTOP HILL,01092024,30092024,36.0,September,2024
DEONAR,01092024,30092024,50.0,September,2024
JUHU,01092024,30092024,42.0,September,2024
KANJUR MARG,01092024,30092024,15.0,September,2024
NIRMAL NAGAR,01092024,30092024,38.0,September,2024
MIDC,01092024,30092024,41.0,September,2024
KASTURBA SUB PS,01092024,30092024,49.0,September,2024
NEHRU NAGAR,01092024,30092024,22.0,September,2024
R C F,01092024,30092024,25.0,September,2024
PANT NAGAR,01092024,30092024,53.0,September,2024
DINDOSHI,01092024,30092024,61.0,September,2024
KHAR,01092024,30092024,78.0,September,2024
CUFFE-PARADE,01092024,30092024,10.0,September,2024
OSHIWARA,01092024,30092024,80.0,September,2024
PARK SITE,01092024,30092024,43.0,September,2024
SHIVAJI NAGAR,01092024,30092024,62.0,September,2024
SIR JJ MARG,01092024,30092024,22.0,September,2024
SHIVAJI PARK,01092024,30092024,26.0,September,2024
MALABAR HILL,01092024,30092024,11.0,September,2024
MEGHWADI,01092024,30092024,17.0,September,2024
SION,01092024,30092024,13.0,September,2024
KURAR,01092024,30092024,62.0,September,2024
MHB COLONY,01092024,30092024,49.0,September,2024
NAVGHAR,01092024,30092024,12.0,September,2024
SHAHU NAGAR,01092024,30092024,21.0,September,2024
VERSOVA,01092024,30092024,54.0,September,2024
MARINE DRIVE,01092024,30092024,27.0,September,2024
WADALA TT,01092024,30092024,41.0,September,2024
BANDRA-KURLA COMPLEX,01092024,30092024,32.0,September,2024
POWAI,01092024,30092024,60.0,September,2024
CHARCOP,01092024,30092024,27.0,September,2024
VINOBA BHAVE NAGAR,01092024,30092024,37.0,September,2024
GORAI,01092024,30092024,4.0,September,2024
BANGUR NAGAR,01092024,30092024,59.0,September,2024
SAMTA NAGAR,01092024,30092024,69.0,September,2024
Mumbai Sagri Police Station,01092024,30092024,0.0,September,2024
GOVANDI POLICE STATION,01092024,30092024,23.0,September,2024
MANKHURD POLICE STATION,01092024,30092024,39.0,September,2024
CHUNABHATTI POLICE STATION,01092024,30092024,35.0,September,2024
AMBOLI,01092024,30092024,94.0,September,2024
VANRAI POLICE STATION,01092024,30092024,25.0,September,2024
Mumbai Sagri-2 Police Station,01092024,30092024,0.0,September,2024
CYBER POLICE STATION WEST REGION,01092024,30092024,52.0,September,2024
CYBER POLICE STATION EAST REGION,01092024,30092024,33.0,September,2024
CYBER POLICE STATION CENTRAL REGION,01092024,30092024,13.0,September,2024
CYBER POLICE STATION NORTH REGION,01092024,30092024,11.0,September,2024
CYBER POLICE STATION SOUTH REGION,01092024,30092024,19.0,September,2024
AREY SUB PS,01052024,31052024,21.0,May,2024
AGRIPADA,01052024,31052024,52.0,May,2024
AIR PORT,01052024,31052024,24.0,May,2024
ANDHERI,01052024,31052024,70.0,May,2024
AZAD MAIDAN,01052024,31052024,44.0,May,2024
BANDRA,01052024,31052024,133.0,May,2024
BHANDUP,01052024,31052024,100.0,May,2024
BHOIWADA,01052024,31052024,36.0,May,2024
BORIWALI,01052024,31052024,89.0,May,2024
BYCULLA,01052024,31052024,79.0,May,2024
CHEMBUR,01052024,31052024,27.0,May,2024
COLABA,01052024,31052024,24.0,May,2024
DADAR,01052024,31052024,55.0,May,2024
DHARAVI,01052024,31052024,66.0,May,2024
DONGRI,01052024,31052024,34.0,May,2024
GAMDEVI,01052024,31052024,56.0,May,2024
GHATKOPAR,01052024,31052024,106.0,May,2024
GOREGAON,01052024,31052024,117.0,May,2024
JOGESHWARI,01052024,31052024,54.0,May,2024
KALACHOWKI,01052024,31052024,29.0,May,2024
KANDIVALI (WEST),01052024,31052024,94.0,May,2024
KHERWADI,01052024,31052024,102.0,May,2024
KURLA,01052024,31052024,66.0,May,2024
D.B.MARG,01052024,31052024,60.0,May,2024
LT MARG,01052024,31052024,67.0,May,2024
MAHIM,01052024,31052024,60.0,May,2024
MALAD,01052024,31052024,75.0,May,2024
MATUNGA,01052024,31052024,29.0,May,2024
MULUND (WEST),01052024,31052024,69.0,May,2024
NAGPADA,01052024,31052024,108.0,May,2024
NM JOSHI MARG,01052024,31052024,75.0,May,2024
M R A MARG,01052024,31052024,35.0,May,2024
PYDHONIE,01052024,31052024,103.0,May,2024
SANTACRUZ,01052024,31052024,142.0,May,2024
SEWRI,01052024,31052024,51.0,May,2024
TILAK NAGAR,01052024,31052024,57.0,May,2024
VIKHROLI,01052024,31052024,63.0,May,2024
VILE PARLE,01052024,31052024,69.0,May,2024
V.P.ROAD,01052024,31052024,70.0,May,2024
WADALA,01052024,31052024,25.0,May,2024
WORLI,01052024,31052024,42.0,May,2024
YELLOWGATE,01052024,31052024,4.0,May,2024
VAKOLA,01052024,31052024,92.0,May,2024
TROMBAY,01052024,31052024,42.0,May,2024
MALVANI,01052024,31052024,123.0,May,2024
SAKINAKA,01052024,31052024,65.0,May,2024
DAHISAR,01052024,31052024,146.0,May,2024
D.N.NAGAR,01052024,31052024,102.0,May,2024
R.A KIDWAI MARG,01052024,31052024,33.0,May,2024
TARDEO,01052024,31052024,18.0,May,2024
SAHAR,01052024,31052024,80.0,May,2024
ANTOP HILL,01052024,31052024,52.0,May,2024
DEONAR,01052024,31052024,142.0,May,2024
JUHU,01052024,31052024,77.0,May,2024
KANJUR MARG,01052024,31052024,22.0,May,2024
NIRMAL NAGAR,01052024,31052024,2.0,May,2024
MIDC,01052024,31052024,59.0,May,2024
KASTURBA SUB PS,01052024,31052024,86.0,May,2024
NEHRU NAGAR,01052024,31052024,49.0,May,2024
R C F,01052024,31052024,41.0,May,2024
PANT NAGAR,01052024,31052024,88.0,May,2024
DINDOSHI,01052024,31052024,84.0,May,2024
KHAR,01052024,31052024,74.0,May,2024
CUFFE-PARADE,01052024,31052024,28.0,May,2024
OSHIWARA,01052024,31052024,122.0,May,2024
PARK SITE,01052024,31052024,69.0,May,2024
SHIVAJI NAGAR,01052024,31052024,59.0,May,2024
SIR JJ MARG,01052024,31052024,62.0,May,2024
SHIVAJI PARK,01052024,31052024,40.0,May,2024
MALABAR HILL,01052024,31052024,19.0,May,2024
MEGHWADI,01052024,31052024,34.0,May,2024
SION,01052024,31052024,25.0,May,2024
KURAR,01052024,31052024,87.0,May,2024
MHB COLONY,01052024,31052024,66.0,May,2024
NAVGHAR,01052024,31052024,29.0,May,2024
SHAHU NAGAR,01052024,31052024,32.0,May,2024
VERSOVA,01052024,31052024,63.0,May,2024
MARINE DRIVE,01052024,31052024,36.0,May,2024
WADALA TT,01052024,31052024,41.0,May,2024
BANDRA-KURLA COMPLEX,01052024,31052024,63.0,May,2024
POWAI,01052024,31052024,103.0,May,2024
CHARCOP,01052024,31052024,39.0,May,2024
VINOBA BHAVE NAGAR,01052024,31052024,36.0,May,2024
GORAI,01052024,31052024,5.0,May,2024
BANGUR NAGAR,01052024,31052024,87.0,May,2024
SAMTA NAGAR,01052024,31052024,87.0,May,2024
Mumbai Sagri Police Station,01052024,31052024,0.0,May,2024
GOVANDI POLICE STATION,01052024,31052024,29.0,May,2024
MANKHURD POLICE STATION,01052024,31052024,42.0,May,2024
CHUNABHATTI POLICE STATION,01052024,31052024,41.0,May,2024
AMBOLI,01052024,31052024,124.0,May,2024
VANRAI POLICE STATION,01052024,31052024,37.0,May,2024
Mumbai Sagri-2 Police Station,01052024,31052024,0.0,May,2024
CYBER POLICE STATION WEST REGION,01052024,31052024,28.0,May,2024
CYBER POLICE STATION EAST REGION,01052024,31052024,9.0,May,2024
CYBER POLICE STATION CENTRAL REGION,01052024,31052024,14.0,May,2024
CYBER POLICE STATION NORTH REGION,01052024,31052024,0.0,May,2024
CYBER POLICE STATION SOUTH REGION,01052024,31052024,15.0,May,2024
AREY SUB PS,01022026,28022026,23.0,February,2026
AGRIPADA,01022026,28022026,48.0,February,2026
AIR PORT,01022026,28022026,17.0,February,2026
ANDHERI,01022026,28022026,93.0,February,2026
AZAD MAIDAN,01022026,28022026,43.0,February,2026
BANDRA,01022026,28022026,181.0,February,2026
BHANDUP,01022026,28022026,105.0,February,2026
BHOIWADA,01022026,28022026,44.0,February,2026
BORIWALI,01022026,28022026,304.0,February,2026
BYCULLA,01022026,28022026,43.0,February,2026
CHEMBUR,01022026,28022026,152.0,February,2026
COLABA,01022026,28022026,42.0,February,2026
DADAR,01022026,28022026,64.0,February,2026
DHARAVI,01022026,28022026,90.0,February,2026
DONGRI,01022026,28022026,69.0,February,2026
GAMDEVI,01022026,28022026,63.0,February,2026
GHATKOPAR,01022026,28022026,141.0,February,2026
GOREGAON,01022026,28022026,97.0,February,2026
JOGESHWARI,01022026,28022026,49.0,February,2026
KALACHOWKI,01022026,28022026,43.0,February,2026
KANDIVALI (WEST),01022026,28022026,208.0,February,2026
KHERWADI,01022026,28022026,45.0,February,2026
KURLA,01022026,28022026,44.0,February,2026
D.B.MARG,01022026,28022026,139.0,February,2026
LT MARG,01022026,28022026,115.0,February,2026
MAHIM,01022026,28022026,60.0,February,2026
MALAD,01022026,28022026,243.0,February,2026
MATUNGA,01022026,28022026,22.0,February,2026
MULUND (WEST),01022026,28022026,166.0,February,2026
NAGPADA,01022026,28022026,63.0,February,2026
NM JOSHI MARG,01022026,28022026,36.0,February,2026
M R A MARG,01022026,28022026,50.0,February,2026
PYDHONIE,01022026,28022026,129.0,February,2026
SANTACRUZ,01022026,28022026,94.0,February,2026
SEWRI,01022026,28022026,40.0,February,2026
TILAK NAGAR,01022026,28022026,54.0,February,2026
VIKHROLI,01022026,28022026,83.0,February,2026
VILE PARLE,01022026,28022026,114.0,February,2026
V.P.ROAD,01022026,28022026,118.0,February,2026
WADALA,01022026,28022026,35.0,February,2026
WORLI,01022026,28022026,34.0,February,2026
YELLOWGATE,01022026,28022026,4.0,February,2026
VAKOLA,01022026,28022026,102.0,February,2026
TROMBAY,01022026,28022026,52.0,February,2026
MALVANI,01022026,28022026,150.0,February,2026
SAKINAKA,01022026,28022026,94.0,February,2026
DAHISAR,01022026,28022026,225.0,February,2026
D.N.NAGAR,01022026,28022026,99.0,February,2026
R.A KIDWAI MARG,01022026,28022026,43.0,February,2026
TARDEO,01022026,28022026,40.0,February,2026
SAHAR,01022026,28022026,104.0,February,2026
ANTOP HILL,01022026,28022026,48.0,February,2026
DEONAR,01022026,28022026,77.0,February,2026
JUHU,01022026,28022026,105.0,February,2026
KANJUR MARG,01022026,28022026,50.0,February,2026
NIRMAL NAGAR,01022026,28022026,76.0,February,2026
MIDC,01022026,28022026,84.0,February,2026
KASTURBA SUB PS,01022026,28022026,82.0,February,2026
NEHRU NAGAR,01022026,28022026,58.0,February,2026
R C F,01022026,28022026,72.0,February,2026
PANT NAGAR,01022026,28022026,140.0,February,2026
DINDOSHI,01022026,28022026,101.0,February,2026
KHAR,01022026,28022026,132.0,February,2026
CUFFE-PARADE,01022026,28022026,27.0,February,2026
OSHIWARA,01022026,28022026,149.0,February,2026
PARK SITE,01022026,28022026,91.0,February,2026
SHIVAJI NAGAR,01022026,28022026,65.0,February,2026
SIR JJ MARG,01022026,28022026,96.0,February,2026
SHIVAJI PARK,01022026,28022026,57.0,February,2026
MALABAR HILL,01022026,28022026,30.0,February,2026
MEGHWADI,01022026,28022026,54.0,February,2026
SION,01022026,28022026,31.0,February,2026
KURAR,01022026,28022026,117.0,February,2026
MHB COLONY,01022026,28022026,167.0,February,2026
NAVGHAR,01022026,28022026,56.0,February,2026
SHAHU NAGAR,01022026,28022026,47.0,February,2026
VERSOVA,01022026,28022026,107.0,February,2026
MARINE DRIVE,01022026,28022026,40.0,February,2026
WADALA TT,01022026,28022026,57.0,February,2026
BANDRA-KURLA COMPLEX,01022026,28022026,53.0,February,2026
POWAI,01022026,28022026,98.0,February,2026
CHARCOP,01022026,28022026,67.0,February,2026
VINOBA BHAVE NAGAR,01022026,28022026,113.0,February,2026
GORAI,01022026,28022026,13.0,February,2026
BANGUR NAGAR,01022026,28022026,83.0,February,2026
SAMTA NAGAR,01022026,28022026,109.0,February,2026
Mumbai Sagri Police Station,01022026,28022026,0.0,February,2026
GOVANDI POLICE STATION,01022026,28022026,78.0,February,2026
MANKHURD POLICE STATION,01022026,28022026,51.0,February,2026
CHUNABHATTI POLICE STATION,01022026,28022026,76.0,February,2026
AMBOLI,01022026,28022026,87.0,February,2026
VANRAI POLICE STATION,01022026,28022026,56.0,February,2026
Mumbai Sagri-2 Police Station,01022026,28022026,0.0,February,2026
CYBER POLICE STATION WEST REGION,01022026,28022026,24.0,February,2026
CYBER POLICE STATION EAST REGION,01022026,28022026,21.0,February,2026
CYBER POLICE STATION CENTRAL REGION,01022026,28022026,18.0,February,2026
CYBER POLICE STATION NORTH REGION,01022026,28022026,24.0,February,2026
CYBER POLICE STATION SOUTH REGION,01022026,28022026,8.0,February,2026
AREY SUB PS,01052025,31052025,16.0,May,2025
AGRIPADA,01052025,31052025,42.0,May,2025
AIR PORT,01052025,31052025,28.0,May,2025
ANDHERI,01052025,31052025,74.0,May,2025
AZAD MAIDAN,01052025,31052025,18.0,May,2025
BANDRA,01052025,31052025,182.0,May,2025
BHANDUP,01052025,31052025,85.0,May,2025
BHOIWADA,01052025,31052025,38.0,May,2025
BORIWALI,01052025,31052025,97.0,May,2025
BYCULLA,01052025,31052025,73.0,May,2025
CHEMBUR,01052025,31052025,61.0,May,2025
COLABA,01052025,31052025,23.0,May,2025
DADAR,01052025,31052025,64.0,May,2025
DHARAVI,01052025,31052025,206.0,May,2025
DONGRI,01052025,31052025,52.0,May,2025
GAMDEVI,01052025,31052025,60.0,May,2025
GHATKOPAR,01052025,31052025,107.0,May,2025
GOREGAON,01052025,31052025,72.0,May,2025
JOGESHWARI,01052025,31052025,87.0,May,2025
KALACHOWKI,01052025,31052025,33.0,May,2025
KANDIVALI (WEST),01052025,31052025,111.0,May,2025
KHERWADI,01052025,31052025,77.0,May,2025
KURLA,01052025,31052025,60.0,May,2025
D.B.MARG,01052025,31052025,87.0,May,2025
LT MARG,01052025,31052025,96.0,May,2025
MAHIM,01052025,31052025,59.0,May,2025
MALAD,01052025,31052025,68.0,May,2025
MATUNGA,01052025,31052025,31.0,May,2025
MULUND (WEST),01052025,31052025,89.0,May,2025
NAGPADA,01052025,31052025,77.0,May,2025
NM JOSHI MARG,01052025,31052025,87.0,May,2025
M R A MARG,01052025,31052025,21.0,May,2025
PYDHONIE,01052025,31052025,53.0,May,2025
SANTACRUZ,01052025,31052025,126.0,May,2025
SEWRI,01052025,31052025,39.0,May,2025
TILAK NAGAR,01052025,31052025,58.0,May,2025
VIKHROLI,01052025,31052025,62.0,May,2025
VILE PARLE,01052025,31052025,156.0,May,2025
V.P.ROAD,01052025,31052025,114.0,May,2025
WADALA,01052025,31052025,35.0,May,2025
WORLI,01052025,31052025,56.0,May,2025
YELLOWGATE,01052025,31052025,0.0,May,2025
VAKOLA,01052025,31052025,146.0,May,2025
TROMBAY,01052025,31052025,44.0,May,2025
MALVANI,01052025,31052025,120.0,May,2025
SAKINAKA,01052025,31052025,164.0,May,2025
DAHISAR,01052025,31052025,104.0,May,2025
D.N.NAGAR,01052025,31052025,135.0,May,2025
R.A KIDWAI MARG,01052025,31052025,36.0,May,2025
TARDEO,01052025,31052025,36.0,May,2025
SAHAR,01052025,31052025,163.0,May,2025
ANTOP HILL,01052025,31052025,61.0,May,2025
DEONAR,01052025,31052025,85.0,May,2025
JUHU,01052025,31052025,100.0,May,2025
KANJUR MARG,01052025,31052025,24.0,May,2025
NIRMAL NAGAR,01052025,31052025,102.0,May,2025
MIDC,01052025,31052025,97.0,May,2025
KASTURBA SUB PS,01052025,31052025,61.0,May,2025
NEHRU NAGAR,01052025,31052025,55.0,May,2025
R C F,01052025,31052025,66.0,May,2025
PANT NAGAR,01052025,31052025,125.0,May,2025
DINDOSHI,01052025,31052025,95.0,May,2025
KHAR,01052025,31052025,101.0,May,2025
CUFFE-PARADE,01052025,31052025,14.0,May,2025
OSHIWARA,01052025,31052025,106.0,May,2025
PARK SITE,01052025,31052025,101.0,May,2025
SHIVAJI NAGAR,01052025,31052025,94.0,May,2025
SIR JJ MARG,01052025,31052025,28.0,May,2025
SHIVAJI PARK,01052025,31052025,35.0,May,2025
MALABAR HILL,01052025,31052025,30.0,May,2025
MEGHWADI,01052025,31052025,128.0,May,2025
SION,01052025,31052025,45.0,May,2025
KURAR,01052025,31052025,88.0,May,2025
MHB COLONY,01052025,31052025,92.0,May,2025
NAVGHAR,01052025,31052025,33.0,May,2025
SHAHU NAGAR,01052025,31052025,41.0,May,2025
VERSOVA,01052025,31052025,72.0,May,2025
MARINE DRIVE,01052025,31052025,21.0,May,2025
WADALA TT,01052025,31052025,71.0,May,2025
BANDRA-KURLA COMPLEX,01052025,31052025,134.0,May,2025
POWAI,01052025,31052025,157.0,May,2025
CHARCOP,01052025,31052025,68.0,May,2025
VINOBA BHAVE NAGAR,01052025,31052025,60.0,May,2025
GORAI,01052025,31052025,9.0,May,2025
BANGUR NAGAR,01052025,31052025,55.0,May,2025
SAMTA NAGAR,01052025,31052025,74.0,May,2025
Mumbai Sagri Police Station,01052025,31052025,0.0,May,2025
GOVANDI POLICE STATION,01052025,31052025,69.0,May,2025
MANKHURD POLICE STATION,01052025,31052025,63.0,May,2025
CHUNABHATTI POLICE STATION,01052025,31052025,50.0,May,2025
AMBOLI,01052025,31052025,120.0,May,2025
VANRAI POLICE STATION,01052025,31052025,25.0,May,2025
Mumbai Sagri-2 Police Station,01052025,31052025,0.0,May,2025
CYBER POLICE STATION WEST REGION,01052025,31052025,33.0,May,2025
CYBER POLICE STATION EAST REGION,01052025,31052025,25.0,May,2025
CYBER POLICE STATION CENTRAL REGION,01052025,31052025,15.0,May,2025
CYBER POLICE STATION NORTH REGION,01052025,31052025,0.0,May,2025
CYBER POLICE STATION SOUTH REGION,01052025,31052025,15.0,May,2025
AREY SUB PS,01012024,31012024,9.0,January,2024
AGRIPADA,01012024,31012024,49.0,January,2024
AIR PORT,01012024,31012024,14.0,January,2024
ANDHERI,01012024,31012024,48.0,January,2024
AZAD MAIDAN,01012024,31012024,48.0,January,2024
BANDRA,01012024,31012024,154.0,January,2024
BHANDUP,01012024,31012024,56.0,January,2024
BHOIWADA,01012024,31012024,57.0,January,2024
BORIWALI,01012024,31012024,79.0,January,2024
BYCULLA,01012024,31012024,70.0,January,2024
CHEMBUR,01012024,31012024,33.0,January,2024
COLABA,01012024,31012024,17.0,January,2024
DADAR,01012024,31012024,51.0,January,2024
DHARAVI,01012024,31012024,73.0,January,2024
DONGRI,01012024,31012024,33.0,January,2024
GAMDEVI,01012024,31012024,102.0,January,2024
GHATKOPAR,01012024,31012024,103.0,January,2024
GOREGAON,01012024,31012024,80.0,January,2024
JOGESHWARI,01012024,31012024,49.0,January,2024
KALACHOWKI,01012024,31012024,30.0,January,2024
KANDIVALI (WEST),01012024,31012024,87.0,January,2024
KHERWADI,01012024,31012024,94.0,January,2024
KURLA,01012024,31012024,44.0,January,2024
D.B.MARG,01012024,31012024,59.0,January,2024
LT MARG,01012024,31012024,89.0,January,2024
MAHIM,01012024,31012024,41.0,January,2024
MALAD,01012024,31012024,100.0,January,2024
MATUNGA,01012024,31012024,58.0,January,2024
MULUND (WEST),01012024,31012024,44.0,January,2024
NAGPADA,01012024,31012024,102.0,January,2024
NM JOSHI MARG,01012024,31012024,91.0,January,2024
M R A MARG,01012024,31012024,22.0,January,2024
PYDHONIE,01012024,31012024,89.0,January,2024
SANTACRUZ,01012024,31012024,156.0,January,2024
SEWRI,01012024,31012024,46.0,January,2024
TILAK NAGAR,01012024,31012024,47.0,January,2024
VIKHROLI,01012024,31012024,31.0,January,2024
VILE PARLE,01012024,31012024,122.0,January,2024
V.P.ROAD,01012024,31012024,60.0,January,2024
WADALA,01012024,31012024,28.0,January,2024
WORLI,01012024,31012024,86.0,January,2024
YELLOWGATE,01012024,31012024,5.0,January,2024
VAKOLA,01012024,31012024,114.0,January,2024
TROMBAY,01012024,31012024,34.0,January,2024
MALVANI,01012024,31012024,135.0,January,2024
SAKINAKA,01012024,31012024,134.0,January,2024
DAHISAR,01012024,31012024,99.0,January,2024
D.N.NAGAR,01012024,31012024,110.0,January,2024
R.A KIDWAI MARG,01012024,31012024,40.0,January,2024
TARDEO,01012024,31012024,42.0,January,2024
SAHAR,01012024,31012024,136.0,January,2024
ANTOP HILL,01012024,31012024,53.0,January,2024
DEONAR,01012024,31012024,104.0,January,2024
JUHU,01012024,31012024,118.0,January,2024
KANJUR MARG,01012024,31012024,15.0,January,2024
NIRMAL NAGAR,01012024,31012024,95.0,January,2024
MIDC,01012024,31012024,113.0,January,2024
KASTURBA SUB PS,01012024,31012024,88.0,January,2024
NEHRU NAGAR,01012024,31012024,37.0,January,2024
R C F,01012024,31012024,67.0,January,2024
PANT NAGAR,01012024,31012024,57.0,January,2024
DINDOSHI,01012024,31012024,82.0,January,2024
KHAR,01012024,31012024,80.0,January,2024
CUFFE-PARADE,01012024,31012024,18.0,January,2024
OSHIWARA,01012024,31012024,141.0,January,2024
PARK SITE,01012024,31012024,56.0,January,2024
SHIVAJI NAGAR,01012024,31012024,84.0,January,2024
SIR JJ MARG,01012024,31012024,61.0,January,2024
SHIVAJI PARK,01012024,31012024,38.0,January,2024
MALABAR HILL,01012024,31012024,29.0,January,2024
MEGHWADI,01012024,31012024,78.0,January,2024
SION,01012024,31012024,46.0,January,2024
KURAR,01012024,31012024,78.0,January,2024
MHB COLONY,01012024,31012024,42.0,January,2024
NAVGHAR,01012024,31012024,20.0,January,2024
SHAHU NAGAR,01012024,31012024,30.0,January,2024
VERSOVA,01012024,31012024,54.0,January,2024
MARINE DRIVE,01012024,31012024,18.0,January,2024
WADALA TT,01012024,31012024,76.0,January,2024
BANDRA-KURLA COMPLEX,01012024,31012024,106.0,January,2024
POWAI,01012024,31012024,126.0,January,2024
CHARCOP,01012024,31012024,69.0,January,2024
VINOBA BHAVE NAGAR,01012024,31012024,23.0,January,2024
GORAI,01012024,31012024,0.0,January,2024
BANGUR NAGAR,01012024,31012024,68.0,January,2024
SAMTA NAGAR,01012024,31012024,64.0,January,2024
Mumbai Sagri Police Station,01012024,31012024,0.0,January,2024
GOVANDI POLICE STATION,01012024,31012024,24.0,January,2024
MANKHURD POLICE STATION,01012024,31012024,31.0,January,2024
CHUNABHATTI POLICE STATION,01012024,31012024,50.0,January,2024
AMBOLI,01012024,31012024,123.0,January,2024
VANRAI POLICE STATION,01012024,31012024,33.0,January,2024
Mumbai Sagri-2 Police Station,01012024,31012024,0.0,January,2024
CYBER POLICE STATION WEST REGION,01012024,31012024,11.0,January,2024
CYBER POLICE STATION EAST REGION,01012024,31012024,6.0,January,2024
CYBER POLICE STATION CENTRAL REGION,01012024,31012024,5.0,January,2024
CYBER POLICE STATION NORTH REGION,01012024,31012024,4.0,January,2024
CYBER POLICE STATION SOUTH REGION,01012024,31012024,0.0,January,2024
AREY SUB PS,01022025,28022025,12.0,February,2025
AGRIPADA,01022025,28022025,54.0,February,2025
AIR PORT,01022025,28022025,11.0,February,2025
ANDHERI,01022025,28022025,141.0,February,2025
AZAD MAIDAN,01022025,28022025,16.0,February,2025
BANDRA,01022025,28022025,175.0,February,2025
BHANDUP,01022025,28022025,61.0,February,2025
BHOIWADA,01022025,28022025,23.0,February,2025
BORIWALI,01022025,28022025,51.0,February,2025
BYCULLA,01022025,28022025,43.0,February,2025
CHEMBUR,01022025,28022025,55.0,February,2025
COLABA,01022025,28022025,25.0,February,2025
DADAR,01022025,28022025,26.0,February,2025
DHARAVI,01022025,28022025,77.0,February,2025
DONGRI,01022025,28022025,39.0,February,2025
GAMDEVI,01022025,28022025,50.0,February,2025
GHATKOPAR,01022025,28022025,77.0,February,2025
GOREGAON,01022025,28022025,64.0,February,2025
JOGESHWARI,01022025,28022025,41.0,February,2025
KALACHOWKI,01022025,28022025,22.0,February,2025
KANDIVALI (WEST),01022025,28022025,59.0,February,2025
KHERWADI,01022025,28022025,30.0,February,2025
KURLA,01022025,28022025,46.0,February,2025
D.B.MARG,01022025,28022025,106.0,February,2025
LT MARG,01022025,28022025,96.0,February,2025
MAHIM,01022025,28022025,40.0,February,2025
MALAD,01022025,28022025,43.0,February,2025
MATUNGA,01022025,28022025,29.0,February,2025
MULUND (WEST),01022025,28022025,82.0,February,2025
NAGPADA,01022025,28022025,52.0,February,2025
NM JOSHI MARG,01022025,28022025,47.0,February,2025
M R A MARG,01022025,28022025,36.0,February,2025
PYDHONIE,01022025,28022025,121.0,February,2025
SANTACRUZ,01022025,28022025,82.0,February,2025
SEWRI,01022025,28022025,46.0,February,2025
TILAK NAGAR,01022025,28022025,37.0,February,2025
VIKHROLI,01022025,28022025,43.0,February,2025
VILE PARLE,01022025,28022025,38.0,February,2025
V.P.ROAD,01022025,28022025,167.0,February,2025
WADALA,01022025,28022025,16.0,February,2025
WORLI,01022025,28022025,37.0,February,2025
YELLOWGATE,01022025,28022025,3.0,February,2025
VAKOLA,01022025,28022025,72.0,February,2025
TROMBAY,01022025,28022025,45.0,February,2025
MALVANI,01022025,28022025,94.0,February,2025
SAKINAKA,01022025,28022025,65.0,February,2025
DAHISAR,01022025,28022025,89.0,February,2025
D.N.NAGAR,01022025,28022025,130.0,February,2025
R.A KIDWAI MARG,01022025,28022025,18.0,February,2025
TARDEO,01022025,28022025,27.0,February,2025
SAHAR,01022025,28022025,97.0,February,2025
ANTOP HILL,01022025,28022025,31.0,February,2025
DEONAR,01022025,28022025,125.0,February,2025
JUHU,01022025,28022025,95.0,February,2025
KANJUR MARG,01022025,28022025,30.0,February,2025
NIRMAL NAGAR,01022025,28022025,34.0,February,2025
MIDC,01022025,28022025,48.0,February,2025
KASTURBA SUB PS,01022025,28022025,55.0,February,2025
NEHRU NAGAR,01022025,28022025,40.0,February,2025
R C F,01022025,28022025,68.0,February,2025
PANT NAGAR,01022025,28022025,123.0,February,2025
DINDOSHI,01022025,28022025,57.0,February,2025
KHAR,01022025,28022025,52.0,February,2025
CUFFE-PARADE,01022025,28022025,14.0,February,2025
OSHIWARA,01022025,28022025,110.0,February,2025
PARK SITE,01022025,28022025,77.0,February,2025
SHIVAJI NAGAR,01022025,28022025,79.0,February,2025
SIR JJ MARG,01022025,28022025,48.0,February,2025
SHIVAJI PARK,01022025,28022025,48.0,February,2025
MALABAR HILL,01022025,28022025,35.0,February,2025
MEGHWADI,01022025,28022025,57.0,February,2025
SION,01022025,28022025,24.0,February,2025
KURAR,01022025,28022025,91.0,February,2025
MHB COLONY,01022025,28022025,43.0,February,2025
NAVGHAR,01022025,28022025,30.0,February,2025
SHAHU NAGAR,01022025,28022025,29.0,February,2025
VERSOVA,01022025,28022025,77.0,February,2025
MARINE DRIVE,01022025,28022025,24.0,February,2025
WADALA TT,01022025,28022025,57.0,February,2025
BANDRA-KURLA COMPLEX,01022025,28022025,50.0,February,2025
POWAI,01022025,28022025,74.0,February,2025
CHARCOP,01022025,28022025,31.0,February,2025
VINOBA BHAVE NAGAR,01022025,28022025,64.0,February,2025
GORAI,01022025,28022025,4.0,February,2025
BANGUR NAGAR,01022025,28022025,38.0,February,2025
SAMTA NAGAR,01022025,28022025,86.0,February,2025
Mumbai Sagri Police Station,01022025,28022025,0.0,February,2025
GOVANDI POLICE STATION,01022025,28022025,33.0,February,2025
MANKHURD POLICE STATION,01022025,28022025,77.0,February,2025
CHUNABHATTI POLICE STATION,01022025,28022025,81.0,February,2025
AMBOLI,01022025,28022025,138.0,February,2025
VANRAI POLICE STATION,01022025,28022025,41.0,February,2025
Mumbai Sagri-2 Police Station,01022025,28022025,0.0,February,2025
CYBER POLICE STATION WEST REGION,01022025,28022025,17.0,February,2025
CYBER POLICE STATION EAST REGION,01022025,28022025,19.0,February,2025
CYBER POLICE STATION CENTRAL REGION,01022025,28022025,15.0,February,2025
CYBER POLICE STATION NORTH REGION,01022025,28022025,37.0,February,2025
CYBER POLICE STATION SOUTH REGION,01022025,28022025,8.0,February,2025
AREY SUB PS,01032025,31032025,18.0,March,2025
AGRIPADA,01032025,31032025,55.0,March,2025
AIR PORT,01032025,31032025,4.0,March,2025
ANDHERI,01032025,31032025,104.0,March,2025
AZAD MAIDAN,01032025,31032025,19.0,March,2025
BANDRA,01032025,31032025,133.0,March,2025
BHANDUP,01032025,31032025,70.0,March,2025
BHOIWADA,01032025,31032025,25.0,March,2025
BORIWALI,01032025,31032025,57.0,March,2025
BYCULLA,01032025,31032025,58.0,March,2025
CHEMBUR,01032025,31032025,57.0,March,2025
COLABA,01032025,31032025,30.0,March,2025
DADAR,01032025,31032025,58.0,March,2025
DHARAVI,01032025,31032025,72.0,March,2025
DONGRI,01032025,31032025,17.0,March,2025
GAMDEVI,01032025,31032025,43.0,March,2025
GHATKOPAR,01032025,31032025,105.0,March,2025
GOREGAON,01032025,31032025,49.0,March,2025
JOGESHWARI,01032025,31032025,28.0,March,2025
KALACHOWKI,01032025,31032025,21.0,March,2025
KANDIVALI (WEST),01032025,31032025,60.0,March,2025
KHERWADI,01032025,31032025,49.0,March,2025
KURLA,01032025,31032025,55.0,March,2025
D.B.MARG,01032025,31032025,72.0,March,2025
LT MARG,01032025,31032025,79.0,March,2025
MAHIM,01032025,31032025,51.0,March,2025
MALAD,01032025,31032025,53.0,March,2025
MATUNGA,01032025,31032025,18.0,March,2025
MULUND (WEST),01032025,31032025,110.0,March,2025
NAGPADA,01032025,31032025,44.0,March,2025
NM JOSHI MARG,01032025,31032025,58.0,March,2025
M R A MARG,01032025,31032025,30.0,March,2025
PYDHONIE,01032025,31032025,63.0,March,2025
SANTACRUZ,01032025,31032025,91.0,March,2025
SEWRI,01032025,31032025,46.0,March,2025
TILAK NAGAR,01032025,31032025,46.0,March,2025
VIKHROLI,01032025,31032025,57.0,March,2025
VILE PARLE,01032025,31032025,38.0,March,2025
V.P.ROAD,01032025,31032025,130.0,March,2025
WADALA,01032025,31032025,28.0,March,2025
WORLI,01032025,31032025,30.0,March,2025
YELLOWGATE,01032025,31032025,1.0,March,2025
VAKOLA,01032025,31032025,78.0,March,2025
TROMBAY,01032025,31032025,55.0,March,2025
MALVANI,01032025,31032025,109.0,March,2025
SAKINAKA,01032025,31032025,82.0,March,2025
DAHISAR,01032025,31032025,70.0,March,2025
D.N.NAGAR,01032025,31032025,88.0,March,2025
R.A KIDWAI MARG,01032025,31032025,16.0,March,2025
TARDEO,01032025,31032025,17.0,March,2025
SAHAR,01032025,31032025,115.0,March,2025
ANTOP HILL,01032025,31032025,36.0,March,2025
DEONAR,01032025,31032025,116.0,March,2025
JUHU,01032025,31032025,101.0,March,2025
KANJUR MARG,01032025,31032025,24.0,March,2025
NIRMAL NAGAR,01032025,31032025,51.0,March,2025
MIDC,01032025,31032025,50.0,March,2025
KASTURBA SUB PS,01032025,31032025,51.0,March,2025
NEHRU NAGAR,01032025,31032025,52.0,March,2025
R C F,01032025,31032025,46.0,March,2025
PANT NAGAR,01032025,31032025,111.0,March,2025
DINDOSHI,01032025,31032025,59.0,March,2025
KHAR,01032025,31032025,61.0,March,2025
CUFFE-PARADE,01032025,31032025,31.0,March,2025
OSHIWARA,01032025,31032025,130.0,March,2025
PARK SITE,01032025,31032025,71.0,March,2025
SHIVAJI NAGAR,01032025,31032025,80.0,March,2025
SIR JJ MARG,01032025,31032025,38.0,March,2025
SHIVAJI PARK,01032025,31032025,55.0,March,2025
MALABAR HILL,01032025,31032025,26.0,March,2025
MEGHWADI,01032025,31032025,48.0,March,2025
SION,01032025,31032025,30.0,March,2025
KURAR,01032025,31032025,67.0,March,2025
MHB COLONY,01032025,31032025,56.0,March,2025
NAVGHAR,01032025,31032025,32.0,March,2025
SHAHU NAGAR,01032025,31032025,23.0,March,2025
VERSOVA,01032025,31032025,59.0,March,2025
MARINE DRIVE,01032025,31032025,15.0,March,2025
WADALA TT,01032025,31032025,56.0,March,2025
BANDRA-KURLA COMPLEX,01032025,31032025,42.0,March,2025
POWAI,01032025,31032025,93.0,March,2025
CHARCOP,01032025,31032025,29.0,March,2025
VINOBA BHAVE NAGAR,01032025,31032025,55.0,March,2025
GORAI,01032025,31032025,3.0,March,2025
BANGUR NAGAR,01032025,31032025,29.0,March,2025
SAMTA NAGAR,01032025,31032025,69.0,March,2025
Mumbai Sagri Police Station,01032025,31032025,0.0,March,2025
GOVANDI POLICE STATION,01032025,31032025,35.0,March,2025
MANKHURD POLICE STATION,01032025,31032025,47.0,March,2025
CHUNABHATTI POLICE STATION,01032025,31032025,55.0,March,2025
AMBOLI,01032025,31032025,95.0,March,2025
VANRAI POLICE STATION,01032025,31032025,37.0,March,2025
Mumbai Sagri-2 Police Station,01032025,31032025,0.0,March,2025
CYBER POLICE STATION WEST REGION,01032025,31032025,44.0,March,2025
CYBER POLICE STATION EAST REGION,01032025,31032025,24.0,March,2025
CYBER POLICE STATION CENTRAL REGION,01032025,31032025,20.0,March,2025
CYBER POLICE STATION NORTH REGION,01032025,31032025,43.0,March,2025
CYBER POLICE STATION SOUTH REGION,01032025,31032025,9.0,March,2025
AREY SUB PS,01012025,31012025,19.0,January,2025
AGRIPADA,01012025,31012025,57.0,January,2025
AIR PORT,01012025,31012025,11.0,January,2025
ANDHERI,01012025,31012025,79.0,January,2025
AZAD MAIDAN,01012025,31012025,16.0,January,2025
BANDRA,01012025,31012025,153.0,January,2025
BHANDUP,01012025,31012025,68.0,January,2025
BHOIWADA,01012025,31012025,27.0,January,2025
BORIWALI,01012025,31012025,74.0,January,2025
BYCULLA,01012025,31012025,37.0,January,2025
CHEMBUR,01012025,31012025,40.0,January,2025
COLABA,01012025,31012025,30.0,January,2025
DADAR,01012025,31012025,45.0,January,2025
DHARAVI,01012025,31012025,75.0,January,2025
DONGRI,01012025,31012025,32.0,January,2025
GAMDEVI,01012025,31012025,41.0,January,2025
GHATKOPAR,01012025,31012025,103.0,January,2025
GOREGAON,01012025,31012025,70.0,January,2025
JOGESHWARI,01012025,31012025,30.0,January,2025
KALACHOWKI,01012025,31012025,34.0,January,2025
KANDIVALI (WEST),01012025,31012025,72.0,January,2025
KHERWADI,01012025,31012025,26.0,January,2025
KURLA,01012025,31012025,41.0,January,2025
D.B.MARG,01012025,31012025,91.0,January,2025
LT MARG,01012025,31012025,117.0,January,2025
MAHIM,01012025,31012025,38.0,January,2025
MALAD,01012025,31012025,57.0,January,2025
MATUNGA,01012025,31012025,28.0,January,2025
MULUND (WEST),01012025,31012025,59.0,January,2025
NAGPADA,01012025,31012025,45.0,January,2025
NM JOSHI MARG,01012025,31012025,48.0,January,2025
M R A MARG,01012025,31012025,27.0,January,2025
PYDHONIE,01012025,31012025,89.0,January,2025
SANTACRUZ,01012025,31012025,114.0,January,2025
SEWRI,01012025,31012025,45.0,January,2025
TILAK NAGAR,01012025,31012025,41.0,January,2025
VIKHROLI,01012025,31012025,43.0,January,2025
VILE PARLE,01012025,31012025,36.0,January,2025
V.P.ROAD,01012025,31012025,173.0,January,2025
WADALA,01012025,31012025,30.0,January,2025
WORLI,01012025,31012025,30.0,January,2025
YELLOWGATE,01012025,31012025,2.0,January,2025
VAKOLA,01012025,31012025,71.0,January,2025
TROMBAY,01012025,31012025,50.0,January,2025
MALVANI,01012025,31012025,112.0,January,2025
SAKINAKA,01012025,31012025,74.0,January,2025
DAHISAR,01012025,31012025,88.0,January,2025
D.N.NAGAR,01012025,31012025,160.0,January,2025
R.A KIDWAI MARG,01012025,31012025,24.0,January,2025
TARDEO,01012025,31012025,21.0,January,2025
SAHAR,01012025,31012025,87.0,January,2025
ANTOP HILL,01012025,31012025,37.0,January,2025
DEONAR,01012025,31012025,61.0,January,2025
JUHU,01012025,31012025,102.0,January,2025
KANJUR MARG,01012025,31012025,28.0,January,2025
NIRMAL NAGAR,01012025,31012025,41.0,January,2025
MIDC,01012025,31012025,51.0,January,2025
KASTURBA SUB PS,01012025,31012025,57.0,January,2025
NEHRU NAGAR,01012025,31012025,38.0,January,2025
R C F,01012025,31012025,39.0,January,2025
PANT NAGAR,01012025,31012025,68.0,January,2025
DINDOSHI,01012025,31012025,67.0,January,2025
KHAR,01012025,31012025,81.0,January,2025
CUFFE-PARADE,01012025,31012025,18.0,January,2025
OSHIWARA,01012025,31012025,125.0,January,2025
PARK SITE,01012025,31012025,66.0,January,2025
SHIVAJI NAGAR,01012025,31012025,57.0,January,2025
SIR JJ MARG,01012025,31012025,40.0,January,2025
SHIVAJI PARK,01012025,31012025,33.0,January,2025
MALABAR HILL,01012025,31012025,23.0,January,2025
MEGHWADI,01012025,31012025,73.0,January,2025
SION,01012025,31012025,26.0,January,2025
KURAR,01012025,31012025,67.0,January,2025
MHB COLONY,01012025,31012025,76.0,January,2025
NAVGHAR,01012025,31012025,46.0,January,2025
SHAHU NAGAR,01012025,31012025,32.0,January,2025
VERSOVA,01012025,31012025,75.0,January,2025
MARINE DRIVE,01012025,31012025,28.0,January,2025
WADALA TT,01012025,31012025,52.0,January,2025
BANDRA-KURLA COMPLEX,01012025,31012025,67.0,January,2025
POWAI,01012025,31012025,95.0,January,2025
CHARCOP,01012025,31012025,55.0,January,2025
VINOBA BHAVE NAGAR,01012025,31012025,59.0,January,2025
GORAI,01012025,31012025,5.0,January,2025
BANGUR NAGAR,01012025,31012025,58.0,January,2025
SAMTA NAGAR,01012025,31012025,87.0,January,2025
Mumbai Sagri Police Station,01012025,31012025,0.0,January,2025
GOVANDI POLICE STATION,01012025,31012025,29.0,January,2025
MANKHURD POLICE STATION,01012025,31012025,50.0,January,2025
CHUNABHATTI POLICE STATION,01012025,31012025,45.0,January,2025
AMBOLI,01012025,31012025,105.0,January,2025
VANRAI POLICE STATION,01012025,31012025,35.0,January,2025
Mumbai Sagri-2 Police Station,01012025,31012025,0.0,January,2025
CYBER POLICE STATION WEST REGION,01012025,31012025,31.0,January,2025
CYBER POLICE STATION EAST REGION,01012025,31012025,41.0,January,2025
CYBER POLICE STATION CENTRAL REGION,01012025,31012025,11.0,January,2025
CYBER POLICE STATION NORTH REGION,01012025,31012025,53.0,January,2025
CYBER POLICE STATION SOUTH REGION,01012025,31012025,7.0,January,2025
AREY SUB PS,01082025,31082025,16.0,August,2025
AGRIPADA,01082025,31082025,40.0,August,2025
AIR PORT,01082025,31082025,34.0,August,2025
ANDHERI,01082025,31082025,50.0,August,2025
AZAD MAIDAN,01082025,31082025,26.0,August,2025
BANDRA,01082025,31082025,186.0,August,2025
BHANDUP,01082025,31082025,77.0,August,2025
BHOIWADA,01082025,31082025,31.0,August,2025
BORIWALI,01082025,31082025,73.0,August,2025
BYCULLA,01082025,31082025,66.0,August,2025
CHEMBUR,01082025,31082025,60.0,August,2025
COLABA,01082025,31082025,31.0,August,2025
DADAR,01082025,31082025,167.0,August,2025
DHARAVI,01082025,31082025,165.0,August,2025
DONGRI,01082025,31082025,78.0,August,2025
GAMDEVI,01082025,31082025,56.0,August,2025
GHATKOPAR,01082025,31082025,103.0,August,2025
GOREGAON,01082025,31082025,47.0,August,2025
JOGESHWARI,01082025,31082025,45.0,August,2025
KALACHOWKI,01082025,31082025,50.0,August,2025
KANDIVALI (WEST),01082025,31082025,71.0,August,2025
KHERWADI,01082025,31082025,60.0,August,2025
KURLA,01082025,31082025,138.0,August,2025
D.B.MARG,01082025,31082025,129.0,August,2025
LT MARG,01082025,31082025,125.0,August,2025
MAHIM,01082025,31082025,116.0,August,2025
MALAD,01082025,31082025,90.0,August,2025
MATUNGA,01082025,31082025,17.0,August,2025
MULUND (WEST),01082025,31082025,75.0,August,2025
NAGPADA,01082025,31082025,66.0,August,2025
NM JOSHI MARG,01082025,31082025,48.0,August,2025
M R A MARG,01082025,31082025,64.0,August,2025
PYDHONIE,01082025,31082025,162.0,August,2025
SANTACRUZ,01082025,31082025,119.0,August,2025
SEWRI,01082025,31082025,46.0,August,2025
TILAK NAGAR,01082025,31082025,25.0,August,2025
VIKHROLI,01082025,31082025,42.0,August,2025
VILE PARLE,01082025,31082025,82.0,August,2025
V.P.ROAD,01082025,31082025,153.0,August,2025
WADALA,01082025,31082025,48.0,August,2025
WORLI,01082025,31082025,51.0,August,2025
YELLOWGATE,01082025,31082025,2.0,August,2025
VAKOLA,01082025,31082025,85.0,August,2025
TROMBAY,01082025,31082025,21.0,August,2025
MALVANI,01082025,31082025,139.0,August,2025
SAKINAKA,01082025,31082025,81.0,August,2025
DAHISAR,01082025,31082025,114.0,August,2025
D.N.NAGAR,01082025,31082025,78.0,August,2025
R.A KIDWAI MARG,01082025,31082025,29.0,August,2025
TARDEO,01082025,31082025,63.0,August,2025
SAHAR,01082025,31082025,114.0,August,2025
ANTOP HILL,01082025,31082025,49.0,August,2025
DEONAR,01082025,31082025,67.0,August,2025
JUHU,01082025,31082025,107.0,August,2025
KANJUR MARG,01082025,31082025,14.0,August,2025
NIRMAL NAGAR,01082025,31082025,108.0,August,2025
MIDC,01082025,31082025,80.0,August,2025
KASTURBA SUB PS,01082025,31082025,51.0,August,2025
NEHRU NAGAR,01082025,31082025,34.0,August,2025
R C F,01082025,31082025,38.0,August,2025
PANT NAGAR,01082025,31082025,73.0,August,2025
DINDOSHI,01082025,31082025,47.0,August,2025
KHAR,01082025,31082025,108.0,August,2025
CUFFE-PARADE,01082025,31082025,11.0,August,2025
OSHIWARA,01082025,31082025,202.0,August,2025
PARK SITE,01082025,31082025,53.0,August,2025
SHIVAJI NAGAR,01082025,31082025,68.0,August,2025
SIR JJ MARG,01082025,31082025,107.0,August,2025
SHIVAJI PARK,01082025,31082025,116.0,August,2025
MALABAR HILL,01082025,31082025,46.0,August,2025
MEGHWADI,01082025,31082025,32.0,August,2025
SION,01082025,31082025,43.0,August,2025
KURAR,01082025,31082025,73.0,August,2025
MHB COLONY,01082025,31082025,82.0,August,2025
NAVGHAR,01082025,31082025,38.0,August,2025
SHAHU NAGAR,01082025,31082025,147.0,August,2025
VERSOVA,01082025,31082025,93.0,August,2025
MARINE DRIVE,01082025,31082025,18.0,August,2025
WADALA TT,01082025,31082025,56.0,August,2025
BANDRA-KURLA COMPLEX,01082025,31082025,58.0,August,2025
POWAI,01082025,31082025,99.0,August,2025
CHARCOP,01082025,31082025,44.0,August,2025
VINOBA BHAVE NAGAR,01082025,31082025,114.0,August,2025
GORAI,01082025,31082025,17.0,August,2025
BANGUR NAGAR,01082025,31082025,51.0,August,2025
SAMTA NAGAR,01082025,31082025,93.0,August,2025
Mumbai Sagri Police Station,01082025,31082025,0.0,August,2025
GOVANDI POLICE STATION,01082025,31082025,61.0,August,2025
MANKHURD POLICE STATION,01082025,31082025,31.0,August,2025
CHUNABHATTI POLICE STATION,01082025,31082025,34.0,August,2025
AMBOLI,01082025,31082025,89.0,August,2025
VANRAI POLICE STATION,01082025,31082025,30.0,August,2025
Mumbai Sagri-2 Police Station,01082025,31082025,0.0,August,2025
CYBER POLICE STATION WEST REGION,01082025,31082025,29.0,August,2025
CYBER POLICE STATION EAST REGION,01082025,31082025,24.0,August,2025
CYBER POLICE STATION CENTRAL REGION,01082025,31082025,14.0,August,2025
CYBER POLICE STATION NORTH REGION,01082025,31082025,3.0,August,2025
CYBER POLICE STATION SOUTH REGION,01082025,31082025,2.0,August,2025
AREY SUB PS,01112025,30112025,16.0,November,2025
AGRIPADA,01112025,30112025,52.0,November,2025
AIR PORT,01112025,30112025,7.0,November,2025
ANDHERI,01112025,30112025,65.0,November,2025
AZAD MAIDAN,01112025,30112025,16.0,November,2025
BANDRA,01112025,30112025,172.0,November,2025
BHANDUP,01112025,30112025,78.0,November,2025
BHOIWADA,01112025,30112025,39.0,November,2025
BORIWALI,01112025,30112025,119.0,November,2025
BYCULLA,01112025,30112025,71.0,November,2025
CHEMBUR,01112025,30112025,95.0,November,2025
COLABA,01112025,30112025,47.0,November,2025
DADAR,01112025,30112025,57.0,November,2025
DHARAVI,01112025,30112025,118.0,November,2025
DONGRI,01112025,30112025,64.0,November,2025
GAMDEVI,01112025,30112025,151.0,November,2025
GHATKOPAR,01112025,30112025,124.0,November,2025
GOREGAON,01112025,30112025,40.0,November,2025
JOGESHWARI,01112025,30112025,49.0,November,2025
KALACHOWKI,01112025,30112025,39.0,November,2025
KANDIVALI (WEST),01112025,30112025,84.0,November,2025
KHERWADI,01112025,30112025,57.0,November,2025
KURLA,01112025,30112025,56.0,November,2025
D.B.MARG,01112025,30112025,162.0,November,2025
LT MARG,01112025,30112025,307.0,November,2025
MAHIM,01112025,30112025,48.0,November,2025
MALAD,01112025,30112025,103.0,November,2025
MATUNGA,01112025,30112025,23.0,November,2025
MULUND (WEST),01112025,30112025,80.0,November,2025
NAGPADA,01112025,30112025,73.0,November,2025
NM JOSHI MARG,01112025,30112025,33.0,November,2025
M R A MARG,01112025,30112025,24.0,November,2025
PYDHONIE,01112025,30112025,361.0,November,2025
SANTACRUZ,01112025,30112025,140.0,November,2025
SEWRI,01112025,30112025,43.0,November,2025
TILAK NAGAR,01112025,30112025,47.0,November,2025
VIKHROLI,01112025,30112025,52.0,November,2025
VILE PARLE,01112025,30112025,74.0,November,2025
V.P.ROAD,01112025,30112025,130.0,November,2025
WADALA,01112025,30112025,26.0,November,2025
WORLI,01112025,30112025,38.0,November,2025
YELLOWGATE,01112025,30112025,8.0,November,2025
VAKOLA,01112025,30112025,100.0,November,2025
TROMBAY,01112025,30112025,62.0,November,2025
MALVANI,01112025,30112025,106.0,November,2025
SAKINAKA,01112025,30112025,93.0,November,2025
DAHISAR,01112025,30112025,125.0,November,2025
D.N.NAGAR,01112025,30112025,84.0,November,2025
R.A KIDWAI MARG,01112025,30112025,44.0,November,2025
TARDEO,01112025,30112025,62.0,November,2025
SAHAR,01112025,30112025,53.0,November,2025
ANTOP HILL,01112025,30112025,67.0,November,2025
DEONAR,01112025,30112025,63.0,November,2025
JUHU,01112025,30112025,117.0,November,2025
KANJUR MARG,01112025,30112025,35.0,November,2025
NIRMAL NAGAR,01112025,30112025,64.0,November,2025
MIDC,01112025,30112025,86.0,November,2025
KASTURBA SUB PS,01112025,30112025,73.0,November,2025
NEHRU NAGAR,01112025,30112025,43.0,November,2025
R C F,01112025,30112025,34.0,November,2025
PANT NAGAR,01112025,30112025,111.0,November,2025
DINDOSHI,01112025,30112025,92.0,November,2025
KHAR,01112025,30112025,133.0,November,2025
CUFFE-PARADE,01112025,30112025,16.0,November,2025
OSHIWARA,01112025,30112025,173.0,November,2025
PARK SITE,01112025,30112025,78.0,November,2025
SHIVAJI NAGAR,01112025,30112025,79.0,November,2025
SIR JJ MARG,01112025,30112025,78.0,November,2025
SHIVAJI PARK,01112025,30112025,50.0,November,2025
MALABAR HILL,01112025,30112025,67.0,November,2025
MEGHWADI,01112025,30112025,51.0,November,2025
SION,01112025,30112025,28.0,November,2025
KURAR,01112025,30112025,74.0,November,2025
MHB COLONY,01112025,30112025,74.0,November,2025
NAVGHAR,01112025,30112025,39.0,November,2025
SHAHU NAGAR,01112025,30112025,53.0,November,2025
VERSOVA,01112025,30112025,114.0,November,2025
MARINE DRIVE,01112025,30112025,26.0,November,2025
WADALA TT,01112025,30112025,72.0,November,2025
BANDRA-KURLA COMPLEX,01112025,30112025,40.0,November,2025
POWAI,01112025,30112025,108.0,November,2025
CHARCOP,01112025,30112025,41.0,November,2025
VINOBA BHAVE NAGAR,01112025,30112025,89.0,November,2025
GORAI,01112025,30112025,14.0,November,2025
BANGUR NAGAR,01112025,30112025,69.0,November,2025
SAMTA NAGAR,01112025,30112025,123.0,November,2025
Mumbai Sagri Police Station,01112025,30112025,0.0,November,2025
GOVANDI POLICE STATION,01112025,30112025,69.0,November,2025
MANKHURD POLICE STATION,01112025,30112025,53.0,November,2025
CHUNABHATTI POLICE STATION,01112025,30112025,54.0,November,2025
AMBOLI,01112025,30112025,111.0,November,2025
VANRAI POLICE STATION,01112025,30112025,70.0,November,2025
Mumbai Sagri-2 Police Station,01112025,30112025,0.0,November,2025
CYBER POLICE STATION WEST REGION,01112025,30112025,36.0,November,2025
CYBER POLICE STATION EAST REGION,01112025,30112025,18.0,November,2025
CYBER POLICE STATION CENTRAL REGION,01112025,30112025,22.0,November,2025
CYBER POLICE STATION NORTH REGION,01112025,30112025,29.0,November,2025
CYBER POLICE STATION SOUTH REGION,01112025,30112025,0.0,November,2025
AREY SUB PS,01032024,31032024,19.0,March,2024
AGRIPADA,01032024,31032024,55.0,March,2024
AIR PORT,01032024,31032024,21.0,March,2024
ANDHERI,01032024,31032024,56.0,March,2024
AZAD MAIDAN,01032024,31032024,40.0,March,2024
BANDRA,01032024,31032024,137.0,March,2024
BHANDUP,01032024,31032024,78.0,March,2024
BHOIWADA,01032024,31032024,53.0,March,2024
BORIWALI,01032024,31032024,81.0,March,2024
BYCULLA,01032024,31032024,69.0,March,2024
CHEMBUR,01032024,31032024,69.0,March,2024
COLABA,01032024,31032024,30.0,March,2024
DADAR,01032024,31032024,69.0,March,2024
DHARAVI,01032024,31032024,124.0,March,2024
DONGRI,01032024,31032024,66.0,March,2024
GAMDEVI,01032024,31032024,64.0,March,2024
GHATKOPAR,01032024,31032024,156.0,March,2024
GOREGAON,01032024,31032024,100.0,March,2024
JOGESHWARI,01032024,31032024,48.0,March,2024
KALACHOWKI,01032024,31032024,25.0,March,2024
KANDIVALI (WEST),01032024,31032024,78.0,March,2024
KHERWADI,01032024,31032024,99.0,March,2024
KURLA,01032024,31032024,67.0,March,2024
D.B.MARG,01032024,31032024,58.0,March,2024
LT MARG,01032024,31032024,88.0,March,2024
MAHIM,01032024,31032024,47.0,March,2024
MALAD,01032024,31032024,82.0,March,2024
MATUNGA,01032024,31032024,64.0,March,2024
MULUND (WEST),01032024,31032024,87.0,March,2024
NAGPADA,01032024,31032024,95.0,March,2024
NM JOSHI MARG,01032024,31032024,62.0,March,2024
M R A MARG,01032024,31032024,59.0,March,2024
PYDHONIE,01032024,31032024,87.0,March,2024
SANTACRUZ,01032024,31032024,94.0,March,2024
SEWRI,01032024,31032024,35.0,March,2024
TILAK NAGAR,01032024,31032024,43.0,March,2024
VIKHROLI,01032024,31032024,53.0,March,2024
VILE PARLE,01032024,31032024,94.0,March,2024
V.P.ROAD,01032024,31032024,86.0,March,2024
WADALA,01032024,31032024,18.0,March,2024
WORLI,01032024,31032024,69.0,March,2024
YELLOWGATE,01032024,31032024,5.0,March,2024
VAKOLA,01032024,31032024,82.0,March,2024
TROMBAY,01032024,31032024,36.0,March,2024
MALVANI,01032024,31032024,141.0,March,2024
SAKINAKA,01032024,31032024,54.0,March,2024
DAHISAR,01032024,31032024,131.0,March,2024
D.N.NAGAR,01032024,31032024,92.0,March,2024
R.A KIDWAI MARG,01032024,31032024,74.0,March,2024
TARDEO,01032024,31032024,37.0,March,2024
SAHAR,01032024,31032024,94.0,March,2024
ANTOP HILL,01032024,31032024,49.0,March,2024
DEONAR,01032024,31032024,137.0,March,2024
JUHU,01032024,31032024,86.0,March,2024
KANJUR MARG,01032024,31032024,25.0,March,2024
NIRMAL NAGAR,01032024,31032024,49.0,March,2024
MIDC,01032024,31032024,60.0,March,2024
KASTURBA SUB PS,01032024,31032024,81.0,March,2024
NEHRU NAGAR,01032024,31032024,70.0,March,2024
R C F,01032024,31032024,79.0,March,2024
PANT NAGAR,01032024,31032024,65.0,March,2024
DINDOSHI,01032024,31032024,123.0,March,2024
KHAR,01032024,31032024,137.0,March,2024
CUFFE-PARADE,01032024,31032024,38.0,March,2024
OSHIWARA,01032024,31032024,114.0,March,2024
PARK SITE,01032024,31032024,109.0,March,2024
SHIVAJI NAGAR,01032024,31032024,92.0,March,2024
SIR JJ MARG,01032024,31032024,48.0,March,2024
SHIVAJI PARK,01032024,31032024,49.0,March,2024
MALABAR HILL,01032024,31032024,16.0,March,2024
MEGHWADI,01032024,31032024,57.0,March,2024
SION,01032024,31032024,28.0,March,2024
KURAR,01032024,31032024,77.0,March,2024
MHB COLONY,01032024,31032024,55.0,March,2024
NAVGHAR,01032024,31032024,18.0,March,2024
SHAHU NAGAR,01032024,31032024,41.0,March,2024
VERSOVA,01032024,31032024,51.0,March,2024
MARINE DRIVE,01032024,31032024,28.0,March,2024
WADALA TT,01032024,31032024,65.0,March,2024
BANDRA-KURLA COMPLEX,01032024,31032024,86.0,March,2024
POWAI,01032024,31032024,76.0,March,2024
CHARCOP,01032024,31032024,55.0,March,2024
VINOBA BHAVE NAGAR,01032024,31032024,45.0,March,2024
GORAI,01032024,31032024,6.0,March,2024
BANGUR NAGAR,01032024,31032024,66.0,March,2024
SAMTA NAGAR,01032024,31032024,71.0,March,2024
Mumbai Sagri Police Station,01032024,31032024,0.0,March,2024
GOVANDI POLICE STATION,01032024,31032024,33.0,March,2024
MANKHURD POLICE STATION,01032024,31032024,43.0,March,2024
CHUNABHATTI POLICE STATION,01032024,31032024,34.0,March,2024
AMBOLI,01032024,31032024,103.0,March,2024
VANRAI POLICE STATION,01032024,31032024,32.0,March,2024
Mumbai Sagri-2 Police Station,01032024,31032024,0.0,March,2024
CYBER POLICE STATION WEST REGION,01032024,31032024,34.0,March,2024
CYBER POLICE STATION EAST REGION,01032024,31032024,20.0,March,2024
CYBER POLICE STATION CENTRAL REGION,01032024,31032024,11.0,March,2024
CYBER POLICE STATION NORTH REGION,01032024,31032024,24.0,March,2024
CYBER POLICE STATION SOUTH REGION,01032024,31032024,7.0,March,2024
AREY SUB PS,01052026,31052026,21.0,May,2026
AGRIPADA,01052026,31052026,52.0,May,2026
AIR PORT,01052026,31052026,11.0,May,2026
ANDHERI,01052026,31052026,120.0,May,2026
AZAD MAIDAN,01052026,31052026,43.0,May,2026
BANDRA,01052026,31052026,273.0,May,2026
BHANDUP,01052026,31052026,79.0,May,2026
BHOIWADA,01052026,31052026,32.0,May,2026
BORIWALI,01052026,31052026,119.0,May,2026
BYCULLA,01052026,31052026,68.0,May,2026
CHEMBUR,01052026,31052026,237.0,May,2026
COLABA,01052026,31052026,43.0,May,2026
DADAR,01052026,31052026,70.0,May,2026
DHARAVI,01052026,31052026,124.0,May,2026
DONGRI,01052026,31052026,57.0,May,2026
GAMDEVI,01052026,31052026,79.0,May,2026
GHATKOPAR,01052026,31052026,134.0,May,2026
GOREGAON,01052026,31052026,111.0,May,2026
JOGESHWARI,01052026,31052026,75.0,May,2026
KALACHOWKI,01052026,31052026,40.0,May,2026
KANDIVALI (WEST),01052026,31052026,150.0,May,2026
KHERWADI,01052026,31052026,78.0,May,2026
KURLA,01052026,31052026,69.0,May,2026
D.B.MARG,01052026,31052026,157.0,May,2026
LT MARG,01052026,31052026,159.0,May,2026
MAHIM,01052026,31052026,61.0,May,2026
MALAD,01052026,31052026,190.0,May,2026
MATUNGA,01052026,31052026,30.0,May,2026
MULUND (WEST),01052026,31052026,132.0,May,2026
NAGPADA,01052026,31052026,58.0,May,2026
NM JOSHI MARG,01052026,31052026,47.0,May,2026
M R A MARG,01052026,31052026,58.0,May,2026
PYDHONIE,01052026,31052026,110.0,May,2026
SANTACRUZ,01052026,31052026,234.0,May,2026
SEWRI,01052026,31052026,46.0,May,2026
TILAK NAGAR,01052026,31052026,86.0,May,2026
VIKHROLI,01052026,31052026,62.0,May,2026
VILE PARLE,01052026,31052026,135.0,May,2026
V.P.ROAD,01052026,31052026,145.0,May,2026
WADALA,01052026,31052026,88.0,May,2026
WORLI,01052026,31052026,61.0,May,2026
YELLOWGATE,01052026,31052026,0.0,May,2026
VAKOLA,01052026,31052026,146.0,May,2026
TROMBAY,01052026,31052026,96.0,May,2026
MALVANI,01052026,31052026,179.0,May,2026
SAKINAKA,01052026,31052026,117.0,May,2026
DAHISAR,01052026,31052026,167.0,May,2026
D.N.NAGAR,01052026,31052026,175.0,May,2026
R.A KIDWAI MARG,01052026,31052026,41.0,May,2026
TARDEO,01052026,31052026,51.0,May,2026
SAHAR,01052026,31052026,115.0,May,2026
ANTOP HILL,01052026,31052026,69.0,May,2026
DEONAR,01052026,31052026,170.0,May,2026
JUHU,01052026,31052026,242.0,May,2026
KANJUR MARG,01052026,31052026,56.0,May,2026
NIRMAL NAGAR,01052026,31052026,105.0,May,2026
MIDC,01052026,31052026,162.0,May,2026
KASTURBA SUB PS,01052026,31052026,121.0,May,2026
NEHRU NAGAR,01052026,31052026,105.0,May,2026
R C F,01052026,31052026,104.0,May,2026
PANT NAGAR,01052026,31052026,140.0,May,2026
DINDOSHI,01052026,31052026,160.0,May,2026
KHAR,01052026,31052026,257.0,May,2026
CUFFE-PARADE,01052026,31052026,22.0,May,2026
OSHIWARA,01052026,31052026,192.0,May,2026
PARK SITE,01052026,31052026,98.0,May,2026
SHIVAJI NAGAR,01052026,31052026,121.0,May,2026
SIR JJ MARG,01052026,31052026,88.0,May,2026
SHIVAJI PARK,01052026,31052026,46.0,May,2026
MALABAR HILL,01052026,31052026,46.0,May,2026
MEGHWADI,01052026,31052026,65.0,May,2026
SION,01052026,31052026,37.0,May,2026
KURAR,01052026,31052026,101.0,May,2026
MHB COLONY,01052026,31052026,99.0,May,2026
NAVGHAR,01052026,31052026,47.0,May,2026
SHAHU NAGAR,01052026,31052026,56.0,May,2026
VERSOVA,01052026,31052026,193.0,May,2026
MARINE DRIVE,01052026,31052026,32.0,May,2026
WADALA TT,01052026,31052026,98.0,May,2026
BANDRA-KURLA COMPLEX,01052026,31052026,84.0,May,2026
POWAI,01052026,31052026,124.0,May,2026
CHARCOP,01052026,31052026,61.0,May,2026
VINOBA BHAVE NAGAR,01052026,31052026,75.0,May,2026
GORAI,01052026,31052026,26.0,May,2026
BANGUR NAGAR,01052026,31052026,103.0,May,2026
SAMTA NAGAR,01052026,31052026,132.0,May,2026
Mumbai Sagri Police Station,01052026,31052026,0.0,May,2026
GOVANDI POLICE STATION,01052026,31052026,117.0,May,2026
MANKHURD POLICE STATION,01052026,31052026,80.0,May,2026
CHUNABHATTI POLICE STATION,01052026,31052026,157.0,May,2026
AMBOLI,01052026,31052026,161.0,May,2026
VANRAI POLICE STATION,01052026,31052026,92.0,May,2026
Mumbai Sagri-2 Police Station,01052026,31052026,0.0,May,2026
CYBER POLICE STATION WEST REGION,01052026,31052026,14.0,May,2026
CYBER POLICE STATION EAST REGION,01052026,31052026,20.0,May,2026
CYBER POLICE STATION CENTRAL REGION,01052026,31052026,15.0,May,2026
CYBER POLICE STATION NORTH REGION,01052026,31052026,27.0,May,2026
CYBER POLICE STATION SOUTH REGION,01052026,31052026,13.0,May,2026
AREY SUB PS,01042025,30042025,12.0,April,2025
AGRIPADA,01042025,30042025,37.0,April,2025
AIR PORT,01042025,30042025,6.0,April,2025
ANDHERI,01042025,30042025,66.0,April,2025
AZAD MAIDAN,01042025,30042025,16.0,April,2025
BANDRA,01042025,30042025,127.0,April,2025
BHANDUP,01042025,30042025,73.0,April,2025
BHOIWADA,01042025,30042025,24.0,April,2025
BORIWALI,01042025,30042025,66.0,April,2025
BYCULLA,01042025,30042025,53.0,April,2025
CHEMBUR,01042025,30042025,28.0,April,2025
COLABA,01042025,30042025,20.0,April,2025
DADAR,01042025,30042025,38.0,April,2025
DHARAVI,01042025,30042025,2.0,April,2025
DONGRI,01042025,30042025,28.0,April,2025
GAMDEVI,01042025,30042025,58.0,April,2025
GHATKOPAR,01042025,30042025,80.0,April,2025
GOREGAON,01042025,30042025,65.0,April,2025
JOGESHWARI,01042025,30042025,22.0,April,2025
KALACHOWKI,01042025,30042025,30.0,April,2025
KANDIVALI (WEST),01042025,30042025,61.0,April,2025
KHERWADI,01042025,30042025,37.0,April,2025
KURLA,01042025,30042025,53.0,April,2025
D.B.MARG,01042025,30042025,55.0,April,2025
LT MARG,01042025,30042025,57.0,April,2025
MAHIM,01042025,30042025,57.0,April,2025
MALAD,01042025,30042025,48.0,April,2025
MATUNGA,01042025,30042025,14.0,April,2025
MULUND (WEST),01042025,30042025,88.0,April,2025
NAGPADA,01042025,30042025,34.0,April,2025
NM JOSHI MARG,01042025,30042025,59.0,April,2025
M R A MARG,01042025,30042025,25.0,April,2025
PYDHONIE,01042025,30042025,46.0,April,2025
SANTACRUZ,01042025,30042025,81.0,April,2025
SEWRI,01042025,30042025,42.0,April,2025
TILAK NAGAR,01042025,30042025,40.0,April,2025
VIKHROLI,01042025,30042025,47.0,April,2025
VILE PARLE,01042025,30042025,41.0,April,2025
V.P.ROAD,01042025,30042025,120.0,April,2025
WADALA,01042025,30042025,25.0,April,2025
WORLI,01042025,30042025,35.0,April,2025
YELLOWGATE,01042025,30042025,1.0,April,2025
VAKOLA,01042025,30042025,74.0,April,2025
TROMBAY,01042025,30042025,53.0,April,2025
MALVANI,01042025,30042025,86.0,April,2025
SAKINAKA,01042025,30042025,70.0,April,2025
DAHISAR,01042025,30042025,93.0,April,2025
D.N.NAGAR,01042025,30042025,71.0,April,2025
R.A KIDWAI MARG,01042025,30042025,34.0,April,2025
TARDEO,01042025,30042025,13.0,April,2025
SAHAR,01042025,30042025,76.0,April,2025
ANTOP HILL,01042025,30042025,43.0,April,2025
DEONAR,01042025,30042025,85.0,April,2025
JUHU,01042025,30042025,56.0,April,2025
KANJUR MARG,01042025,30042025,18.0,April,2025
NIRMAL NAGAR,01042025,30042025,36.0,April,2025
MIDC,01042025,30042025,76.0,April,2025
KASTURBA SUB PS,01042025,30042025,52.0,April,2025
NEHRU NAGAR,01042025,30042025,41.0,April,2025
R C F,01042025,30042025,39.0,April,2025
PANT NAGAR,01042025,30042025,82.0,April,2025
DINDOSHI,01042025,30042025,77.0,April,2025
KHAR,01042025,30042025,46.0,April,2025
CUFFE-PARADE,01042025,30042025,20.0,April,2025
OSHIWARA,01042025,30042025,71.0,April,2025
PARK SITE,01042025,30042025,66.0,April,2025
SHIVAJI NAGAR,01042025,30042025,67.0,April,2025
SIR JJ MARG,01042025,30042025,28.0,April,2025
SHIVAJI PARK,01042025,30042025,38.0,April,2025
MALABAR HILL,01042025,30042025,13.0,April,2025
MEGHWADI,01042025,30042025,52.0,April,2025
SION,01042025,30042025,20.0,April,2025
KURAR,01042025,30042025,64.0,April,2025
MHB COLONY,01042025,30042025,55.0,April,2025
NAVGHAR,01042025,30042025,42.0,April,2025
SHAHU NAGAR,01042025,30042025,28.0,April,2025
VERSOVA,01042025,30042025,48.0,April,2025
MARINE DRIVE,01042025,30042025,20.0,April,2025
WADALA TT,01042025,30042025,56.0,April,2025
BANDRA-KURLA COMPLEX,01042025,30042025,35.0,April,2025
POWAI,01042025,30042025,84.0,April,2025
CHARCOP,01042025,30042025,30.0,April,2025
VINOBA BHAVE NAGAR,01042025,30042025,56.0,April,2025
GORAI,01042025,30042025,4.0,April,2025
BANGUR NAGAR,01042025,30042025,50.0,April,2025
SAMTA NAGAR,01042025,30042025,76.0,April,2025
Mumbai Sagri Police Station,01042025,30042025,0.0,April,2025
GOVANDI POLICE STATION,01042025,30042025,37.0,April,2025
MANKHURD POLICE STATION,01042025,30042025,48.0,April,2025
CHUNABHATTI POLICE STATION,01042025,30042025,35.0,April,2025
AMBOLI,01042025,30042025,84.0,April,2025
VANRAI POLICE STATION,01042025,30042025,45.0,April,2025
Mumbai Sagri-2 Police Station,01042025,30042025,0.0,April,2025
CYBER POLICE STATION WEST REGION,01042025,30042025,43.0,April,2025
CYBER POLICE STATION EAST REGION,01042025,30042025,31.0,April,2025
CYBER POLICE STATION CENTRAL REGION,01042025,30042025,22.0,April,2025
CYBER POLICE STATION NORTH REGION,01042025,30042025,2.0,April,2025
CYBER POLICE STATION SOUTH REGION,01042025,30042025,16.0,April,2025
AREY SUB PS,01112024,30112024,29.0,November,2024
AGRIPADA,01112024,30112024,43.0,November,2024
AIR PORT,01112024,30112024,14.0,November,2024
ANDHERI,01112024,30112024,40.0,November,2024
AZAD MAIDAN,01112024,30112024,10.0,November,2024
BANDRA,01112024,30112024,130.0,November,2024
BHANDUP,01112024,30112024,77.0,November,2024
BHOIWADA,01112024,30112024,21.0,November,2024
BORIWALI,01112024,30112024,33.0,November,2024
BYCULLA,01112024,30112024,33.0,November,2024
CHEMBUR,01112024,30112024,27.0,November,2024
COLABA,01112024,30112024,18.0,November,2024
DADAR,01112024,30112024,42.0,November,2024
DHARAVI,01112024,30112024,64.0,November,2024
DONGRI,01112024,30112024,39.0,November,2024
GAMDEVI,01112024,30112024,71.0,November,2024
GHATKOPAR,01112024,30112024,98.0,November,2024
GOREGAON,01112024,30112024,53.0,November,2024
JOGESHWARI,01112024,30112024,16.0,November,2024
KALACHOWKI,01112024,30112024,32.0,November,2024
KANDIVALI (WEST),01112024,30112024,54.0,November,2024
KHERWADI,01112024,30112024,42.0,November,2024
KURLA,01112024,30112024,57.0,November,2024
D.B.MARG,01112024,30112024,65.0,November,2024
LT MARG,01112024,30112024,74.0,November,2024
MAHIM,01112024,30112024,46.0,November,2024
MALAD,01112024,30112024,56.0,November,2024
MATUNGA,01112024,30112024,18.0,November,2024
MULUND (WEST),01112024,30112024,43.0,November,2024
NAGPADA,01112024,30112024,61.0,November,2024
NM JOSHI MARG,01112024,30112024,25.0,November,2024
M R A MARG,01112024,30112024,26.0,November,2024
PYDHONIE,01112024,30112024,69.0,November,2024
SANTACRUZ,01112024,30112024,86.0,November,2024
SEWRI,01112024,30112024,46.0,November,2024
TILAK NAGAR,01112024,30112024,42.0,November,2024
VIKHROLI,01112024,30112024,29.0,November,2024
VILE PARLE,01112024,30112024,61.0,November,2024
V.P.ROAD,01112024,30112024,71.0,November,2024
WADALA,01112024,30112024,32.0,November,2024
WORLI,01112024,30112024,18.0,November,2024
YELLOWGATE,01112024,30112024,3.0,November,2024
VAKOLA,01112024,30112024,64.0,November,2024
TROMBAY,01112024,30112024,40.0,November,2024
MALVANI,01112024,30112024,133.0,November,2024
SAKINAKA,01112024,30112024,54.0,November,2024
DAHISAR,01112024,30112024,86.0,November,2024
D.N.NAGAR,01112024,30112024,98.0,November,2024
R.A KIDWAI MARG,01112024,30112024,23.0,November,2024
TARDEO,01112024,30112024,20.0,November,2024
SAHAR,01112024,30112024,48.0,November,2024
ANTOP HILL,01112024,30112024,43.0,November,2024
DEONAR,01112024,30112024,58.0,November,2024
JUHU,01112024,30112024,73.0,November,2024
KANJUR MARG,01112024,30112024,20.0,November,2024
NIRMAL NAGAR,01112024,30112024,32.0,November,2024
MIDC,01112024,30112024,58.0,November,2024
KASTURBA SUB PS,01112024,30112024,59.0,November,2024
NEHRU NAGAR,01112024,30112024,31.0,November,2024
R C F,01112024,30112024,38.0,November,2024
PANT NAGAR,01112024,30112024,57.0,November,2024
DINDOSHI,01112024,30112024,64.0,November,2024
KHAR,01112024,30112024,99.0,November,2024
CUFFE-PARADE,01112024,30112024,16.0,November,2024
OSHIWARA,01112024,30112024,136.0,November,2024
PARK SITE,01112024,30112024,86.0,November,2024
SHIVAJI NAGAR,01112024,30112024,77.0,November,2024
SIR JJ MARG,01112024,30112024,24.0,November,2024
SHIVAJI PARK,01112024,30112024,25.0,November,2024
MALABAR HILL,01112024,30112024,22.0,November,2024
MEGHWADI,01112024,30112024,2.0,November,2024
SION,01112024,30112024,15.0,November,2024
KURAR,01112024,30112024,64.0,November,2024
MHB COLONY,01112024,30112024,40.0,November,2024
NAVGHAR,01112024,30112024,18.0,November,2024
SHAHU NAGAR,01112024,30112024,33.0,November,2024
VERSOVA,01112024,30112024,54.0,November,2024
MARINE DRIVE,01112024,30112024,20.0,November,2024
WADALA TT,01112024,30112024,48.0,November,2024
BANDRA-KURLA COMPLEX,01112024,30112024,29.0,November,2024
POWAI,01112024,30112024,59.0,November,2024
CHARCOP,01112024,30112024,51.0,November,2024
VINOBA BHAVE NAGAR,01112024,30112024,34.0,November,2024
GORAI,01112024,30112024,4.0,November,2024
BANGUR NAGAR,01112024,30112024,30.0,November,2024
SAMTA NAGAR,01112024,30112024,56.0,November,2024
Mumbai Sagri Police Station,01112024,30112024,0.0,November,2024
GOVANDI POLICE STATION,01112024,30112024,25.0,November,2024
MANKHURD POLICE STATION,01112024,30112024,46.0,November,2024
CHUNABHATTI POLICE STATION,01112024,30112024,37.0,November,2024
AMBOLI,01112024,30112024,112.0,November,2024
VANRAI POLICE STATION,01112024,30112024,20.0,November,2024
Mumbai Sagri-2 Police Station,01112024,30112024,0.0,November,2024
CYBER POLICE STATION WEST REGION,01112024,30112024,34.0,November,2024
CYBER POLICE STATION EAST REGION,01112024,30112024,22.0,November,2024
CYBER POLICE STATION CENTRAL REGION,01112024,30112024,10.0,November,2024
CYBER POLICE STATION NORTH REGION,01112024,30112024,19.0,November,2024
CYBER POLICE STATION SOUTH REGION,01112024,30112024,14.0,November,2024
AREY SUB PS,01062024,30062024,13.0,June,2024
AGRIPADA,01062024,30062024,83.0,June,2024
AIR PORT,01062024,30062024,20.0,June,2024
ANDHERI,01062024,30062024,67.0,June,2024
AZAD MAIDAN,01062024,30062024,48.0,June,2024
BANDRA,01062024,30062024,121.0,June,2024
BHANDUP,01062024,30062024,84.0,June,2024
BHOIWADA,01062024,30062024,41.0,June,2024
BORIWALI,01062024,30062024,80.0,June,2024
BYCULLA,01062024,30062024,98.0,June,2024
CHEMBUR,01062024,30062024,50.0,June,2024
COLABA,01062024,30062024,22.0,June,2024
DADAR,01062024,30062024,57.0,June,2024
DHARAVI,01062024,30062024,85.0,June,2024
DONGRI,01062024,30062024,42.0,June,2024
GAMDEVI,01062024,30062024,56.0,June,2024
GHATKOPAR,01062024,30062024,78.0,June,2024
GOREGAON,01062024,30062024,60.0,June,2024
JOGESHWARI,01062024,30062024,27.0,June,2024
KALACHOWKI,01062024,30062024,26.0,June,2024
KANDIVALI (WEST),01062024,30062024,120.0,June,2024
KHERWADI,01062024,30062024,92.0,June,2024
KURLA,01062024,30062024,52.0,June,2024
D.B.MARG,01062024,30062024,89.0,June,2024
LT MARG,01062024,30062024,79.0,June,2024
MAHIM,01062024,30062024,102.0,June,2024
MALAD,01062024,30062024,92.0,June,2024
MATUNGA,01062024,30062024,42.0,June,2024
MULUND (WEST),01062024,30062024,64.0,June,2024
NAGPADA,01062024,30062024,126.0,June,2024
NM JOSHI MARG,01062024,30062024,67.0,June,2024
M R A MARG,01062024,30062024,68.0,June,2024
PYDHONIE,01062024,30062024,88.0,June,2024
SANTACRUZ,01062024,30062024,161.0,June,2024
SEWRI,01062024,30062024,59.0,June,2024
TILAK NAGAR,01062024,30062024,62.0,June,2024
VIKHROLI,01062024,30062024,62.0,June,2024
VILE PARLE,01062024,30062024,92.0,June,2024
V.P.ROAD,01062024,30062024,93.0,June,2024
WADALA,01062024,30062024,25.0,June,2024
WORLI,01062024,30062024,48.0,June,2024
YELLOWGATE,01062024,30062024,2.0,June,2024
VAKOLA,01062024,30062024,116.0,June,2024
TROMBAY,01062024,30062024,69.0,June,2024
MALVANI,01062024,30062024,117.0,June,2024
SAKINAKA,01062024,30062024,82.0,June,2024
DAHISAR,01062024,30062024,113.0,June,2024
D.N.NAGAR,01062024,30062024,116.0,June,2024
R.A KIDWAI MARG,01062024,30062024,53.0,June,2024
TARDEO,01062024,30062024,14.0,June,2024
SAHAR,01062024,30062024,79.0,June,2024
ANTOP HILL,01062024,30062024,40.0,June,2024
DEONAR,01062024,30062024,125.0,June,2024
JUHU,01062024,30062024,107.0,June,2024
KANJUR MARG,01062024,30062024,16.0,June,2024
NIRMAL NAGAR,01062024,30062024,6.0,June,2024
MIDC,01062024,30062024,80.0,June,2024
KASTURBA SUB PS,01062024,30062024,50.0,June,2024
NEHRU NAGAR,01062024,30062024,71.0,June,2024
R C F,01062024,30062024,71.0,June,2024
PANT NAGAR,01062024,30062024,74.0,June,2024
DINDOSHI,01062024,30062024,72.0,June,2024
KHAR,01062024,30062024,93.0,June,2024
CUFFE-PARADE,01062024,30062024,28.0,June,2024
OSHIWARA,01062024,30062024,94.0,June,2024
PARK SITE,01062024,30062024,67.0,June,2024
SHIVAJI NAGAR,01062024,30062024,62.0,June,2024
SIR JJ MARG,01062024,30062024,48.0,June,2024
SHIVAJI PARK,01062024,30062024,35.0,June,2024
MALABAR HILL,01062024,30062024,19.0,June,2024
MEGHWADI,01062024,30062024,0.0,June,2024
SION,01062024,30062024,49.0,June,2024
KURAR,01062024,30062024,54.0,June,2024
MHB COLONY,01062024,30062024,68.0,June,2024
NAVGHAR,01062024,30062024,32.0,June,2024
SHAHU NAGAR,01062024,30062024,41.0,June,2024
VERSOVA,01062024,30062024,71.0,June,2024
MARINE DRIVE,01062024,30062024,31.0,June,2024
WADALA TT,01062024,30062024,92.0,June,2024
BANDRA-KURLA COMPLEX,01062024,30062024,62.0,June,2024
POWAI,01062024,30062024,58.0,June,2024
CHARCOP,01062024,30062024,78.0,June,2024
VINOBA BHAVE NAGAR,01062024,30062024,47.0,June,2024
GORAI,01062024,30062024,2.0,June,2024
BANGUR NAGAR,01062024,30062024,77.0,June,2024
SAMTA NAGAR,01062024,30062024,87.0,June,2024
Mumbai Sagri Police Station,01062024,30062024,0.0,June,2024
GOVANDI POLICE STATION,01062024,30062024,47.0,June,2024
MANKHURD POLICE STATION,01062024,30062024,59.0,June,2024
CHUNABHATTI POLICE STATION,01062024,30062024,76.0,June,2024
AMBOLI,01062024,30062024,124.0,June,2024
VANRAI POLICE STATION,01062024,30062024,53.0,June,2024
Mumbai Sagri-2 Police Station,01062024,30062024,0.0,June,2024
CYBER POLICE STATION WEST REGION,01062024,30062024,38.0,June,2024
CYBER POLICE STATION EAST REGION,01062024,30062024,0.0,June,2024
CYBER POLICE STATION CENTRAL REGION,01062024,30062024,20.0,June,2024
CYBER POLICE STATION NORTH REGION,01062024,30062024,30.0,June,2024
CYBER POLICE STATION SOUTH REGION,01062024,30062024,11.0,June,2024
AREY SUB PS,01022024,29022024,13.0,February,2024
AGRIPADA,01022024,29022024,47.0,February,2024
AIR PORT,01022024,29022024,23.0,February,2024
ANDHERI,01022024,29022024,58.0,February,2024
AZAD MAIDAN,01022024,29022024,44.0,February,2024
BANDRA,01022024,29022024,171.0,February,2024
BHANDUP,01022024,29022024,58.0,February,2024
BHOIWADA,01022024,29022024,36.0,February,2024
BORIWALI,01022024,29022024,62.0,February,2024
BYCULLA,01022024,29022024,53.0,February,2024
CHEMBUR,01022024,29022024,39.0,February,2024
COLABA,01022024,29022024,22.0,February,2024
DADAR,01022024,29022024,43.0,February,2024
DHARAVI,01022024,29022024,107.0,February,2024
DONGRI,01022024,29022024,87.0,February,2024
GAMDEVI,01022024,29022024,88.0,February,2024
GHATKOPAR,01022024,29022024,115.0,February,2024
GOREGAON,01022024,29022024,59.0,February,2024
JOGESHWARI,01022024,29022024,45.0,February,2024
KALACHOWKI,01022024,29022024,23.0,February,2024
KANDIVALI (WEST),01022024,29022024,67.0,February,2024
KHERWADI,01022024,29022024,78.0,February,2024
KURLA,01022024,29022024,43.0,February,2024
D.B.MARG,01022024,29022024,69.0,February,2024
LT MARG,01022024,29022024,106.0,February,2024
MAHIM,01022024,29022024,32.0,February,2024
MALAD,01022024,29022024,81.0,February,2024
MATUNGA,01022024,29022024,43.0,February,2024
MULUND (WEST),01022024,29022024,54.0,February,2024
NAGPADA,01022024,29022024,75.0,February,2024
NM JOSHI MARG,01022024,29022024,50.0,February,2024
M R A MARG,01022024,29022024,31.0,February,2024
PYDHONIE,01022024,29022024,110.0,February,2024
SANTACRUZ,01022024,29022024,115.0,February,2024
SEWRI,01022024,29022024,48.0,February,2024
TILAK NAGAR,01022024,29022024,41.0,February,2024
VIKHROLI,01022024,29022024,58.0,February,2024
VILE PARLE,01022024,29022024,90.0,February,2024
V.P.ROAD,01022024,29022024,98.0,February,2024
WADALA,01022024,29022024,27.0,February,2024
WORLI,01022024,29022024,60.0,February,2024
YELLOWGATE,01022024,29022024,8.0,February,2024
VAKOLA,01022024,29022024,124.0,February,2024
TROMBAY,01022024,29022024,36.0,February,2024
MALVANI,01022024,29022024,125.0,February,2024
SAKINAKA,01022024,29022024,78.0,February,2024
DAHISAR,01022024,29022024,93.0,February,2024
D.N.NAGAR,01022024,29022024,134.0,February,2024
R.A KIDWAI MARG,01022024,29022024,38.0,February,2024
TARDEO,01022024,29022024,40.0,February,2024
SAHAR,01022024,29022024,147.0,February,2024
ANTOP HILL,01022024,29022024,57.0,February,2024
DEONAR,01022024,29022024,128.0,February,2024
JUHU,01022024,29022024,110.0,February,2024
KANJUR MARG,01022024,29022024,33.0,February,2024
NIRMAL NAGAR,01022024,29022024,66.0,February,2024
MIDC,01022024,29022024,74.0,February,2024
KASTURBA SUB PS,01022024,29022024,76.0,February,2024
NEHRU NAGAR,01022024,29022024,53.0,February,2024
R C F,01022024,29022024,48.0,February,2024
PANT NAGAR,01022024,29022024,72.0,February,2024
DINDOSHI,01022024,29022024,85.0,February,2024
KHAR,01022024,29022024,114.0,February,2024
CUFFE-PARADE,01022024,29022024,15.0,February,2024
OSHIWARA,01022024,29022024,140.0,February,2024
PARK SITE,01022024,29022024,100.0,February,2024
SHIVAJI NAGAR,01022024,29022024,75.0,February,2024
SIR JJ MARG,01022024,29022024,81.0,February,2024
SHIVAJI PARK,01022024,29022024,43.0,February,2024
MALABAR HILL,01022024,29022024,26.0,February,2024
MEGHWADI,01022024,29022024,52.0,February,2024
SION,01022024,29022024,35.0,February,2024
KURAR,01022024,29022024,99.0,February,2024
MHB COLONY,01022024,29022024,46.0,February,2024
NAVGHAR,01022024,29022024,21.0,February,2024
SHAHU NAGAR,01022024,29022024,27.0,February,2024
VERSOVA,01022024,29022024,67.0,February,2024
MARINE DRIVE,01022024,29022024,22.0,February,2024
WADALA TT,01022024,29022024,45.0,February,2024
BANDRA-KURLA COMPLEX,01022024,29022024,80.0,February,2024
POWAI,01022024,29022024,80.0,February,2024
CHARCOP,01022024,29022024,56.0,February,2024
VINOBA BHAVE NAGAR,01022024,29022024,30.0,February,2024
GORAI,01022024,29022024,1.0,February,2024
BANGUR NAGAR,01022024,29022024,88.0,February,2024
SAMTA NAGAR,01022024,29022024,61.0,February,2024
Mumbai Sagri Police Station,01022024,29022024,0.0,February,2024
GOVANDI POLICE STATION,01022024,29022024,25.0,February,2024
MANKHURD POLICE STATION,01022024,29022024,31.0,February,2024
CHUNABHATTI POLICE STATION,01022024,29022024,34.0,February,2024
AMBOLI,01022024,29022024,102.0,February,2024
VANRAI POLICE STATION,01022024,29022024,49.0,February,2024
Mumbai Sagri-2 Police Station,01022024,29022024,0.0,February,2024
CYBER POLICE STATION WEST REGION,01022024,29022024,27.0,February,2024
CYBER POLICE STATION EAST REGION,01022024,29022024,23.0,February,2024
CYBER POLICE STATION CENTRAL REGION,01022024,29022024,8.0,February,2024
CYBER POLICE STATION NORTH REGION,01022024,29022024,23.0,February,2024
CYBER POLICE STATION SOUTH REGION,01022024,29022024,6.0,February,2024
AREY SUB PS,01072026,31072026,14.0,July,2026
AGRIPADA,01072026,31072026,53.0,July,2026
AIR PORT,01072026,31072026,9.0,July,2026
ANDHERI,01072026,31072026,109.0,July,2026
AZAD MAIDAN,01072026,31072026,30.0,July,2026
BANDRA,01072026,31072026,307.0,July,2026
BHANDUP,01072026,31072026,99.0,July,2026
BHOIWADA,01072026,31072026,68.0,July,2026
BORIWALI,01072026,31072026,116.0,July,2026
BYCULLA,01072026,31072026,75.0,July,2026
CHEMBUR,01072026,31072026,125.0,July,2026
COLABA,01072026,31072026,62.0,July,2026
DADAR,01072026,31072026,77.0,July,2026
DHARAVI,01072026,31072026,91.0,July,2026
DONGRI,01072026,31072026,83.0,July,2026
GAMDEVI,01072026,31072026,80.0,July,2026
GHATKOPAR,01072026,31072026,88.0,July,2026
GOREGAON,01072026,31072026,151.0,July,2026
JOGESHWARI,01072026,31072026,84.0,July,2026
KALACHOWKI,01072026,31072026,82.0,July,2026
KANDIVALI (WEST),01072026,31072026,163.0,July,2026
KHERWADI,01072026,31072026,80.0,July,2026
KURLA,01072026,31072026,75.0,July,2026
D.B.MARG,01072026,31072026,99.0,July,2026
LT MARG,01072026,31072026,102.0,July,2026
MAHIM,01072026,31072026,88.0,July,2026
MALAD,01072026,31072026,184.0,July,2026
MATUNGA,01072026,31072026,67.0,July,2026
MULUND (WEST),01072026,31072026,80.0,July,2026
NAGPADA,01072026,31072026,82.0,July,2026
NM JOSHI MARG,01072026,31072026,47.0,July,2026
M R A MARG,01072026,31072026,58.0,July,2026
PYDHONIE,01072026,31072026,95.0,July,2026
SANTACRUZ,01072026,31072026,309.0,July,2026
SEWRI,01072026,31072026,45.0,July,2026
TILAK NAGAR,01072026,31072026,61.0,July,2026
VIKHROLI,01072026,31072026,56.0,July,2026
VILE PARLE,01072026,31072026,92.0,July,2026
V.P.ROAD,01072026,31072026,145.0,July,2026
WADALA,01072026,31072026,44.0,July,2026
WORLI,01072026,31072026,57.0,July,2026
YELLOWGATE,01072026,31072026,2.0,July,2026
VAKOLA,01072026,31072026,113.0,July,2026
TROMBAY,01072026,31072026,46.0,July,2026
MALVANI,01072026,31072026,154.0,July,2026
SAKINAKA,01072026,31072026,99.0,July,2026
DAHISAR,01072026,31072026,161.0,July,2026
D.N.NAGAR,01072026,31072026,190.0,July,2026
R.A KIDWAI MARG,01072026,31072026,56.0,July,2026
TARDEO,01072026,31072026,43.0,July,2026
SAHAR,01072026,31072026,100.0,July,2026
ANTOP HILL,01072026,31072026,64.0,July,2026
DEONAR,01072026,31072026,118.0,July,2026
JUHU,01072026,31072026,272.0,July,2026
KANJUR MARG,01072026,31072026,59.0,July,2026
NIRMAL NAGAR,01072026,31072026,103.0,July,2026
MIDC,01072026,31072026,98.0,July,2026
KASTURBA SUB PS,01072026,31072026,86.0,July,2026
NEHRU NAGAR,01072026,31072026,78.0,July,2026
R C F,01072026,31072026,50.0,July,2026
PANT NAGAR,01072026,31072026,114.0,July,2026
DINDOSHI,01072026,31072026,112.0,July,2026
KHAR,01072026,31072026,235.0,July,2026
CUFFE-PARADE,01072026,31072026,22.0,July,2026
OSHIWARA,01072026,31072026,144.0,July,2026
PARK SITE,01072026,31072026,96.0,July,2026
SHIVAJI NAGAR,01072026,31072026,88.0,July,2026
SIR JJ MARG,01072026,31072026,64.0,July,2026
SHIVAJI PARK,01072026,31072026,80.0,July,2026
MALABAR HILL,01072026,31072026,57.0,July,2026
MEGHWADI,01072026,31072026,52.0,July,2026
SION,01072026,31072026,41.0,July,2026
KURAR,01072026,31072026,119.0,July,2026
MHB COLONY,01072026,31072026,127.0,July,2026
NAVGHAR,01072026,31072026,37.0,July,2026
SHAHU NAGAR,01072026,31072026,72.0,July,2026
VERSOVA,01072026,31072026,30.0,July,2026
MARINE DRIVE,01072026,31072026,48.0,July,2026
WADALA TT,01072026,31072026,83.0,July,2026
BANDRA-KURLA COMPLEX,01072026,31072026,42.0,July,2026
POWAI,01072026,31072026,101.0,July,2026
CHARCOP,01072026,31072026,86.0,July,2026
VINOBA BHAVE NAGAR,01072026,31072026,69.0,July,2026
GORAI,01072026,31072026,25.0,July,2026
BANGUR NAGAR,01072026,31072026,128.0,July,2026
SAMTA NAGAR,01072026,31072026,207.0,July,2026
Mumbai Sagri Police Station,01072026,31072026,0.0,July,2026
GOVANDI POLICE STATION,01072026,31072026,75.0,July,2026
MANKHURD POLICE STATION,01072026,31072026,93.0,July,2026
CHUNABHATTI POLICE STATION,01072026,31072026,88.0,July,2026
AMBOLI,01072026,31072026,273.0,July,2026
VANRAI POLICE STATION,01072026,31072026,91.0,July,2026
Mumbai Sagri-2 Police Station,01072026,31072026,0.0,July,2026
CYBER POLICE STATION WEST REGION,01072026,31072026,24.0,July,2026
CYBER POLICE STATION EAST REGION,01072026,31072026,13.0,July,2026
CYBER POLICE STATION CENTRAL REGION,01072026,31072026,20.0,July,2026
CYBER POLICE STATION NORTH REGION,01072026,31072026,13.0,July,2026
CYBER POLICE STATION SOUTH REGION,01072026,31072026,12.0,July,2026
AREY SUB PS,01072025,31072025,18.0,July,2025
AGRIPADA,01072025,31072025,49.0,July,2025
AIR PORT,01072025,31072025,23.0,July,2025
ANDHERI,01072025,31072025,54.0,July,2025
AZAD MAIDAN,01072025,31072025,36.0,July,2025
BANDRA,01072025,31072025,216.0,July,2025
BHANDUP,01072025,31072025,128.0,July,2025
BHOIWADA,01072025,31072025,72.0,July,2025
BORIWALI,01072025,31072025,101.0,July,2025
BYCULLA,01072025,31072025,155.0,July,2025
CHEMBUR,01072025,31072025,117.0,July,2025
COLABA,01072025,31072025,27.0,July,2025
DADAR,01072025,31072025,153.0,July,2025
DHARAVI,01072025,31072025,156.0,July,2025
DONGRI,01072025,31072025,50.0,July,2025
GAMDEVI,01072025,31072025,60.0,July,2025
GHATKOPAR,01072025,31072025,143.0,July,2025
GOREGAON,01072025,31072025,56.0,July,2025
JOGESHWARI,01072025,31072025,33.0,July,2025
KALACHOWKI,01072025,31072025,43.0,July,2025
KANDIVALI (WEST),01072025,31072025,74.0,July,2025
KHERWADI,01072025,31072025,79.0,July,2025
KURLA,01072025,31072025,127.0,July,2025
D.B.MARG,01072025,31072025,133.0,July,2025
LT MARG,01072025,31072025,151.0,July,2025
MAHIM,01072025,31072025,126.0,July,2025
MALAD,01072025,31072025,51.0,July,2025
MATUNGA,01072025,31072025,23.0,July,2025
MULUND (WEST),01072025,31072025,109.0,July,2025
NAGPADA,01072025,31072025,143.0,July,2025
NM JOSHI MARG,01072025,31072025,112.0,July,2025
M R A MARG,01072025,31072025,85.0,July,2025
PYDHONIE,01072025,31072025,104.0,July,2025
SANTACRUZ,01072025,31072025,130.0,July,2025
SEWRI,01072025,31072025,55.0,July,2025
TILAK NAGAR,01072025,31072025,78.0,July,2025
VIKHROLI,01072025,31072025,60.0,July,2025
VILE PARLE,01072025,31072025,87.0,July,2025
V.P.ROAD,01072025,31072025,179.0,July,2025
WADALA,01072025,31072025,70.0,July,2025
WORLI,01072025,31072025,62.0,July,2025
YELLOWGATE,01072025,31072025,3.0,July,2025
VAKOLA,01072025,31072025,100.0,July,2025
TROMBAY,01072025,31072025,36.0,July,2025
MALVANI,01072025,31072025,85.0,July,2025
SAKINAKA,01072025,31072025,109.0,July,2025
DAHISAR,01072025,31072025,117.0,July,2025
D.N.NAGAR,01072025,31072025,122.0,July,2025
R.A KIDWAI MARG,01072025,31072025,58.0,July,2025
TARDEO,01072025,31072025,17.0,July,2025
SAHAR,01072025,31072025,118.0,July,2025
ANTOP HILL,01072025,31072025,70.0,July,2025
DEONAR,01072025,31072025,79.0,July,2025
JUHU,01072025,31072025,181.0,July,2025
KANJUR MARG,01072025,31072025,43.0,July,2025
NIRMAL NAGAR,01072025,31072025,89.0,July,2025
MIDC,01072025,31072025,102.0,July,2025
KASTURBA SUB PS,01072025,31072025,32.0,July,2025
NEHRU NAGAR,01072025,31072025,66.0,July,2025
R C F,01072025,31072025,54.0,July,2025
PANT NAGAR,01072025,31072025,123.0,July,2025
DINDOSHI,01072025,31072025,50.0,July,2025
KHAR,01072025,31072025,132.0,July,2025
CUFFE-PARADE,01072025,31072025,26.0,July,2025
OSHIWARA,01072025,31072025,135.0,July,2025
PARK SITE,01072025,31072025,75.0,July,2025
SHIVAJI NAGAR,01072025,31072025,71.0,July,2025
SIR JJ MARG,01072025,31072025,73.0,July,2025
SHIVAJI PARK,01072025,31072025,103.0,July,2025
MALABAR HILL,01072025,31072025,34.0,July,2025
MEGHWADI,01072025,31072025,49.0,July,2025
SION,01072025,31072025,74.0,July,2025
KURAR,01072025,31072025,80.0,July,2025
MHB COLONY,01072025,31072025,71.0,July,2025
NAVGHAR,01072025,31072025,62.0,July,2025
SHAHU NAGAR,01072025,31072025,107.0,July,2025
VERSOVA,01072025,31072025,120.0,July,2025
MARINE DRIVE,01072025,31072025,31.0,July,2025
WADALA TT,01072025,31072025,88.0,July,2025
BANDRA-KURLA COMPLEX,01072025,31072025,72.0,July,2025
POWAI,01072025,31072025,124.0,July,2025
CHARCOP,01072025,31072025,26.0,July,2025
VINOBA BHAVE NAGAR,01072025,31072025,115.0,July,2025
GORAI,01072025,31072025,19.0,July,2025
BANGUR NAGAR,01072025,31072025,53.0,July,2025
SAMTA NAGAR,01072025,31072025,92.0,July,2025
Mumbai Sagri Police Station,01072025,31072025,0.0,July,2025
GOVANDI POLICE STATION,01072025,31072025,82.0,July,2025
MANKHURD POLICE STATION,01072025,31072025,41.0,July,2025
CHUNABHATTI POLICE STATION,01072025,31072025,67.0,July,2025
AMBOLI,01072025,31072025,102.0,July,2025
VANRAI POLICE STATION,01072025,31072025,39.0,July,2025
Mumbai Sagri-2 Police Station,01072025,31072025,0.0,July,2025
CYBER POLICE STATION WEST REGION,01072025,31072025,20.0,July,2025
CYBER POLICE STATION EAST REGION,01072025,31072025,16.0,July,2025
CYBER POLICE STATION CENTRAL REGION,01072025,31072025,12.0,July,2025
CYBER POLICE STATION NORTH REGION,01072025,31072025,1.0,July,2025
CYBER POLICE STATION SOUTH REGION,01072025,31072025,7.0,July,2025
